Hospitalizations,retail_and_recreation_percent_change_from_baseline_11,grocery_and_pharmacy_percent_change_from_baseline_11,parks_percent_change_from_baseline_11,transit_stations_percent_change_from_baseline_11,workplaces_percent_change_from_baseline_11,residential_percent_change_from_baseline_11,retail_and_recreation_percent_change_from_baseline_10,grocery_and_pharmacy_percent_change_from_baseline_10,parks_percent_change_from_baseline_10,transit_stations_percent_change_from_baseline_10,workplaces_percent_change_from_baseline_10,residential_percent_change_from_baseline_10,retail_and_recreation_percent_change_from_baseline_9,grocery_and_pharmacy_percent_change_from_baseline_9,parks_percent_change_from_baseline_9,transit_stations_percent_change_from_baseline_9,workplaces_percent_change_from_baseline_9,residential_percent_change_from_baseline_9,retail_and_recreation_percent_change_from_baseline_8,grocery_and_pharmacy_percent_change_from_baseline_8,parks_percent_change_from_baseline_8,transit_stations_percent_change_from_baseline_8,workplaces_percent_change_from_baseline_8,residential_percent_change_from_baseline_8,retail_and_recreation_percent_change_from_baseline_7,grocery_and_pharmacy_percent_change_from_baseline_7,parks_percent_change_from_baseline_7,transit_stations_percent_change_from_baseline_7,workplaces_percent_change_from_baseline_7,residential_percent_change_from_baseline_7,retail_and_recreation_percent_change_from_baseline_6,grocery_and_pharmacy_percent_change_from_baseline_6,parks_percent_change_from_baseline_6,transit_stations_percent_change_from_baseline_6,workplaces_percent_change_from_baseline_6,residential_percent_change_from_baseline_6,retail_and_recreation_percent_change_from_baseline_5,grocery_and_pharmacy_percent_change_from_baseline_5,parks_percent_change_from_baseline_5,transit_stations_percent_change_from_baseline_5,workplaces_percent_change_from_baseline_5,residential_percent_change_from_baseline_5,X77808.t.influx.lag11,X77808.t.influx.lag10 ,X77808.t.influx.lag9,X77808.t.influx.lag8,X77808.t.influx.lag7,X77808.t.influx.lag6,X77808.t.influx.lag5,X77803.t.influx,X77803.t.influxlag10,X77803.t.influxlag9,X77803.t.influxlag8,X77803.t.influxlag7,X77803.t.influxlag6,X77803.t.influxlag5,X77802.t.influx,X77802.t.influxlag10,X77802.t.influxlag9,X77802.t.influxlag8,X77802.t.influxlag7,X77802.t.influxlag6,X77802.t.influxlag5,X77862.t.influx,X77862.t.influxlag10,X77862.t.influxlag9,X77862.t.influxlag8,X77862.t.influxlag7,X77862.t.influxlag6,X77862.t.influxlag5,X77801.t.influx,X77801.t.influxlag10,X77801.t.influxlag9,X77801.t.influxlag8,X77801.t.influxlag7,X77801.t.influxlag6,X77801.t.influxlag5,X77845.t.influx,X77845.t.influxlag10,X77845.t.influxlag9,X77845.t.influxlag8,X77845.t.influxlag7,X77845.t.influxlag6,X77845.t.influxlag5,X77859.t.influx,X77859.t.influxlag10,X77859.t.influxlag9,X77859.t.influxlag8,X77859.t.influxlag7,X77859.t.influxlag6,X77859.t.influxlag5,X77882.t.influx,X77882.t.influxlag10,X77882.t.influxlag9,X77882.t.influxlag8,X77882.t.influxlag7,X77882.t.influxlag6,X77882.t.influxlag5,X77836.t.influx,X77836.t.influxlag10,X77836.t.influxlag9,X77836.t.influxlag8,X77836.t.influxlag7,X77836.t.influxlag6,X77836.t.influxlag5,X77840.t.influx,X77840.t.influxlag10,X77840.t.influxlag9,X77840.t.influxlag8,X77840.t.influxlag7,X77840.t.influxlag6,X77840.t.influxlag5,X77807.t.influx,X77807.t.influxlag10,X77807.t.influxlag9,X77807.t.influxlag8,X77807.t.influxlag7,X77807.t.influxlag6,X77807.t.influxlag5,X77843.t.influx,X77805.t.influx,X77805.t.influxlag10,X77805.t.influxlag9,X77805.t.influxlag8,X77805.t.influxlag7,X77805.t.influxlag6,X77805.t.influxlag5,X77881.t.influx,X77881.t.influxlag10,X77881.t.influxlag9,X77881.t.influxlag8,X77881.t.influxlag7,X77881.t.influxlag6,X77881.t.influxlag5,X77866.t.influx,X77866.t.influxlag10,X77866.t.influxlag9,X77866.t.influxlag8,X77866.t.influxlag7,X77866.t.influxlag6,X77866.t.influxlag5,X77841.t.influx,X77841.t.influxlag10,X77841.t.influxlag9,X77841.t.influxlag8,X77841.t.influxlag7,X77841.t.influxlag6,X77841.t.influxlag7.1,X77844.t.influx,X77844.t.influxlag10,X77844.t.influxlag9,X77844.t.influxlag8,X77844.t.influxlag7,X77844.t.influxlag6,X77844.t.influxlag5,X77878.t.influx,X77878.t.influxlag10,X77878.t.influxlag9,X77878.t.influxlag8,X77878.t.influxlag7,X77878.t.influxlag6,X77878.t.influxlag5,X77838.t.influx,X77838.t.influxlag10,X77838.t.influxlag9,X77838.t.influxlag8,X77838.t.influxlag7,X77838.t.influxlag6,X77838.t.influxlag5,X77852.t.influx,X77852.t.influxlag10,X77852.t.influxlag9,X77852.t.influxlag8,X77852.t.influxlag7,X77852.t.influxlag6,X77852.t.influxlag5,X77879.t.influx,X77879.t.influxlag10,X77879.t.influxlag9,X77879.t.influxlag8,X77879.t.influxlag7,X77879.t.influxlag6,X77879.t.influxlag5,X77863.t.influx,X77863.t.influxlag10,X77863.t.influxlag9,X77863.t.influxlag8,X77863.t.influxlag7,X77863.t.influxlag6,X77863.t.influxlag5,X76629.t.influx,X76629.t.influxlag10,X76629.t.influxlag9,X76629.t.influxlag8,X76629.t.influxlag7,X76629.t.influxlag6,X76629.t.influxlag5,X77837.t.influx,X77837.t.influxlag10,X77837.t.influxlag9,X77837.t.influxlag8,X77837.t.influxlag7,X77837.t.influxlag6,X77837.t.influxlag5,X77856.t.influx,X77856.t.influxlag10,X77856.t.influxlag9,X77856.t.influxlag8,X77856.t.influxlag7,X77856.t.influxlag6,X77856.t.influxlag5,X77870.t.influx,X77870.t.influxlag10,X77870.t.influxlag9,X77870.t.influxlag8,X77870.t.influxlag7,X77870.t.influxlag6,X77870.t.influxlag5,X77867.t.influx,X77867.t.influxlag10,X77867.t.influxlag9,X77867.t.influxlag8,X77867.t.influxlag7,X77867.t.influxlag6,X77867.t.influxlag5
164,-21,9,-53,-52.0,-56,18,-49,-33,-42,-74.0,-73,28,-32,-21,-26,-30.0,-11,8,-32,-21,-23,-28.0,-11,7,-18,-11,-7,-38.0,-39,12,-21,-8,-15,-46.0,-32,10,-28,-20,-30,-39.0,-32,13,1032,975.1,980.0392156862745,984.9230769230769,994.811320754717,999.1111111111111,997.6,2196,2155.14,2166.823529411765,2176.4423076923076,2197.132075471698,2203.9444444444443,2199.4,5395,5418.12,5441.921568627451,5467.461538461538,5502.245283018868,5515.148148148148,5494.709090909091,1,1.58,1.607843137254902,1.5769230769230769,1.5471698113207548,1.5185185185185186,1.509090909090909,673,824.16,827.5686274509804,832.3461538461538,839.6603773584906,845.2592592592592,842.3818181818182,8846,9626.46,9645.21568627451,9664.673076923076,9711.566037735849,9748.833333333334,9746.454545454546,598,554.62,557.2156862745098,560.1346153846154,567.6981132075472,570.6111111111111,574.2727272727273,7,6.92,7.0,6.961538461538462,7.0,7.018518518518518,7.036363636363636,1086,930.9,933.6078431372549,937.0769230769231,945.566037735849,946.1666666666666,943.2363636363636,8684,14571.04,14579.058823529413,14603.346153846154,14693.981132075472,14833.0,14855.163636363637,881,860.14,862.8627450980392,865.9807692307693,873.1509433962265,877.3333333333334,879.0545454545454,331,28,21.72,21.84313725490196,21.942307692307693,22.30188679245283,22.12962962962963,21.90909090909091,1,2.16,2.1372549019607843,2.1538461538461537,2.2264150943396226,2.3333333333333335,2.3454545454545452,1,0.94,1.0,1.0,0.9811320754716981,0.9814814814814815,0.9818181818181818,0,0.76,0.7450980392156863,0.7692307692307693,0.7547169811320755,0.7407407407407407,0.7454545454545455,48,201.02,202.35294117647058,202.07692307692307,202.52830188679246,202.0185185185185,200.45454545454547,83,86.28,86.92156862745098,87.59615384615384,88.75471698113208,88.42592592592592,87.4,0,0.9,0.9019607843137255,0.8846153846153846,0.9056603773584906,0.9074074074074074,0.9272727272727272,4,5.54,5.627450980392157,5.615384615384615,5.6415094339622645,5.703703703703703,5.6,243,217.04,218.35294117647058,218.82692307692307,220.30188679245282,222.07407407407408,223.27272727272728,15,17.7,17.725490196078432,17.71153846153846,17.79245283018868,18.166666666666668,18.381818181818183,162,142.28,144.80392156862746,147.67307692307693,150.77358490566039,151.1851851851852,150.34545454545454,58,70.22,70.6078431372549,71.13461538461539,72.32075471698113,73.29629629629629,73.47272727272727,536,494.44,497.8627450980392,500.6730769230769,506.8867924528302,508.2037037037037,506.7818181818182,16,10.18,10.196078431372548,10.211538461538462,10.981132075471699,11.12962962962963,10.981818181818182,0,0.14,0.13725490196078433,0.1346153846153846,0.1320754716981132,0.12962962962962962,0.12727272727272726
161,-49,-33,-42,-74.0,-73,28,-32,-21,-26,-30.0,-11,8,-32,-21,-23,-28.0,-11,7,-18,-11,-7,-38.0,-39,12,-21,-8,-15,-46.0,-32,10,-28,-20,-30,-39.0,-32,13,-25,-14,-18,-47.0,-33,12,905,975.1,980.0392156862745,984.9230769230769,994.811320754717,999.1111111111111,997.6,2202,2155.14,2166.823529411765,2176.4423076923076,2197.132075471698,2203.9444444444443,2199.4,5886,5418.12,5441.921568627451,5467.461538461538,5502.245283018868,5515.148148148148,5494.709090909091,0,1.58,1.607843137254902,1.5769230769230769,1.5471698113207548,1.5185185185185186,1.509090909090909,798,824.16,827.5686274509804,832.3461538461538,839.6603773584906,845.2592592592592,842.3818181818182,9420,9626.46,9645.21568627451,9664.673076923076,9711.566037735849,9748.833333333334,9746.454545454546,576,554.62,557.2156862745098,560.1346153846154,567.6981132075472,570.6111111111111,574.2727272727273,6,6.92,7.0,6.961538461538462,7.0,7.018518518518518,7.036363636363636,1110,930.9,933.6078431372549,937.0769230769231,945.566037735849,946.1666666666666,943.2363636363636,9603,14571.04,14579.058823529413,14603.346153846154,14693.981132075472,14833.0,14855.163636363637,859,860.14,862.8627450980392,865.9807692307693,873.1509433962265,877.3333333333334,879.0545454545454,372,33,21.72,21.84313725490196,21.942307692307693,22.30188679245283,22.12962962962963,21.90909090909091,2,2.16,2.1372549019607843,2.1538461538461537,2.2264150943396226,2.3333333333333335,2.3454545454545452,2,0.94,1.0,1.0,0.9811320754716981,0.9814814814814815,0.9818181818181818,0,0.76,0.7450980392156863,0.7692307692307693,0.7547169811320755,0.7407407407407407,0.7454545454545455,60,201.02,202.35294117647058,202.07692307692307,202.52830188679246,202.0185185185185,200.45454545454547,94,86.28,86.92156862745098,87.59615384615384,88.75471698113208,88.42592592592592,87.4,0,0.9,0.9019607843137255,0.8846153846153846,0.9056603773584906,0.9074074074074074,0.9272727272727272,5,5.54,5.627450980392157,5.615384615384615,5.6415094339622645,5.703703703703703,5.6,220,217.04,218.35294117647058,218.82692307692307,220.30188679245282,222.07407407407408,223.27272727272728,16,17.7,17.725490196078432,17.71153846153846,17.79245283018868,18.166666666666668,18.381818181818183,182,142.28,144.80392156862746,147.67307692307693,150.77358490566039,151.1851851851852,150.34545454545454,61,70.22,70.6078431372549,71.13461538461539,72.32075471698113,73.29629629629629,73.47272727272727,577,494.44,497.8627450980392,500.6730769230769,506.8867924528302,508.2037037037037,506.7818181818182,5,10.18,10.196078431372548,10.211538461538462,10.981132075471699,11.12962962962963,10.981818181818182,0,0.14,0.13725490196078433,0.1346153846153846,0.1320754716981132,0.12962962962962962,0.12727272727272726
155,-32,-21,-26,-30.0,-11,8,-32,-21,-23,-28.0,-11,7,-18,-11,-7,-38.0,-39,12,-21,-8,-15,-46.0,-32,10,-28,-20,-30,-39.0,-32,13,-25,-14,-18,-47.0,-33,12,-26,-9,-25,-37.0,-27,13,1031,975.1,980.0392156862745,984.9230769230769,994.811320754717,999.1111111111111,997.6,2259,2155.14,2166.823529411765,2176.4423076923076,2197.132075471698,2203.9444444444443,2199.4,5570,5418.12,5441.921568627451,5467.461538461538,5502.245283018868,5515.148148148148,5494.709090909091,1,1.58,1.607843137254902,1.5769230769230769,1.5471698113207548,1.5185185185185186,1.509090909090909,838,824.16,827.5686274509804,832.3461538461538,839.6603773584906,845.2592592592592,842.3818181818182,9496,9626.46,9645.21568627451,9664.673076923076,9711.566037735849,9748.833333333334,9746.454545454546,598,554.62,557.2156862745098,560.1346153846154,567.6981132075472,570.6111111111111,574.2727272727273,5,6.92,7.0,6.961538461538462,7.0,7.018518518518518,7.036363636363636,1108,930.9,933.6078431372549,937.0769230769231,945.566037735849,946.1666666666666,943.2363636363636,11146,14571.04,14579.058823529413,14603.346153846154,14693.981132075472,14833.0,14855.163636363637,866,860.14,862.8627450980392,865.9807692307693,873.1509433962265,877.3333333333334,879.0545454545454,641,36,21.72,21.84313725490196,21.942307692307693,22.30188679245283,22.12962962962963,21.90909090909091,0,2.16,2.1372549019607843,2.1538461538461537,2.2264150943396226,2.3333333333333335,2.3454545454545452,1,0.94,1.0,1.0,0.9811320754716981,0.9814814814814815,0.9818181818181818,1,0.76,0.7450980392156863,0.7692307692307693,0.7547169811320755,0.7407407407407407,0.7454545454545455,75,201.02,202.35294117647058,202.07692307692307,202.52830188679246,202.0185185185185,200.45454545454547,121,86.28,86.92156862745098,87.59615384615384,88.75471698113208,88.42592592592592,87.4,0,0.9,0.9019607843137255,0.8846153846153846,0.9056603773584906,0.9074074074074074,0.9272727272727272,0,5.54,5.627450980392157,5.615384615384615,5.6415094339622645,5.703703703703703,5.6,213,217.04,218.35294117647058,218.82692307692307,220.30188679245282,222.07407407407408,223.27272727272728,25,17.7,17.725490196078432,17.71153846153846,17.79245283018868,18.166666666666668,18.381818181818183,235,142.28,144.80392156862746,147.67307692307693,150.77358490566039,151.1851851851852,150.34545454545454,60,70.22,70.6078431372549,71.13461538461539,72.32075471698113,73.29629629629629,73.47272727272727,585,494.44,497.8627450980392,500.6730769230769,506.8867924528302,508.2037037037037,506.7818181818182,5,10.18,10.196078431372548,10.211538461538462,10.981132075471699,11.12962962962963,10.981818181818182,1,0.14,0.13725490196078433,0.1346153846153846,0.1320754716981132,0.12962962962962962,0.12727272727272726
155,-32,-21,-23,-28.0,-11,7,-18,-11,-7,-38.0,-39,12,-21,-8,-15,-46.0,-32,10,-28,-20,-30,-39.0,-32,13,-25,-14,-18,-47.0,-33,12,-26,-9,-25,-37.0,-27,13,-24,-12,-22,-32.0,-5,6,1234,975.1,980.0392156862745,984.9230769230769,994.811320754717,999.1111111111111,997.6,2724,2155.14,2166.823529411765,2176.4423076923076,2197.132075471698,2203.9444444444443,2199.4,6507,5418.12,5441.921568627451,5467.461538461538,5502.245283018868,5515.148148148148,5494.709090909091,0,1.58,1.607843137254902,1.5769230769230769,1.5471698113207548,1.5185185185185186,1.509090909090909,923,824.16,827.5686274509804,832.3461538461538,839.6603773584906,845.2592592592592,842.3818181818182,10727,9626.46,9645.21568627451,9664.673076923076,9711.566037735849,9748.833333333334,9746.454545454546,684,554.62,557.2156862745098,560.1346153846154,567.6981132075472,570.6111111111111,574.2727272727273,8,6.92,7.0,6.961538461538462,7.0,7.018518518518518,7.036363636363636,1276,930.9,933.6078431372549,937.0769230769231,945.566037735849,946.1666666666666,943.2363636363636,14524,14571.04,14579.058823529413,14603.346153846154,14693.981132075472,14833.0,14855.163636363637,997,860.14,862.8627450980392,865.9807692307693,873.1509433962265,877.3333333333334,879.0545454545454,853,36,21.72,21.84313725490196,21.942307692307693,22.30188679245283,22.12962962962963,21.90909090909091,3,2.16,2.1372549019607843,2.1538461538461537,2.2264150943396226,2.3333333333333335,2.3454545454545452,2,0.94,1.0,1.0,0.9811320754716981,0.9814814814814815,0.9818181818181818,1,0.76,0.7450980392156863,0.7692307692307693,0.7547169811320755,0.7407407407407407,0.7454545454545455,108,201.02,202.35294117647058,202.07692307692307,202.52830188679246,202.0185185185185,200.45454545454547,117,86.28,86.92156862745098,87.59615384615384,88.75471698113208,88.42592592592592,87.4,0,0.9,0.9019607843137255,0.8846153846153846,0.9056603773584906,0.9074074074074074,0.9272727272727272,12,5.54,5.627450980392157,5.615384615384615,5.6415094339622645,5.703703703703703,5.6,235,217.04,218.35294117647058,218.82692307692307,220.30188679245282,222.07407407407408,223.27272727272728,24,17.7,17.725490196078432,17.71153846153846,17.79245283018868,18.166666666666668,18.381818181818183,276,142.28,144.80392156862746,147.67307692307693,150.77358490566039,151.1851851851852,150.34545454545454,97,70.22,70.6078431372549,71.13461538461539,72.32075471698113,73.29629629629629,73.47272727272727,587,494.44,497.8627450980392,500.6730769230769,506.8867924528302,508.2037037037037,506.7818181818182,12,10.18,10.196078431372548,10.211538461538462,10.981132075471699,11.12962962962963,10.981818181818182,0,0.14,0.13725490196078433,0.1346153846153846,0.1320754716981132,0.12962962962962962,0.12727272727272726
154,-18,-11,-7,-38.0,-39,12,-21,-8,-15,-46.0,-32,10,-28,-20,-30,-39.0,-32,13,-25,-14,-18,-47.0,-33,12,-26,-9,-25,-37.0,-27,13,-24,-12,-22,-32.0,-5,6,-53,-43,-16,-53.0,-28,15,1082,975.1,980.0392156862745,984.9230769230769,994.811320754717,999.1111111111111,997.6,2008,2155.14,2166.823529411765,2176.4423076923076,2197.132075471698,2203.9444444444443,2199.4,5446,5418.12,5441.921568627451,5467.461538461538,5502.245283018868,5515.148148148148,5494.709090909091,2,1.58,1.607843137254902,1.5769230769230769,1.5471698113207548,1.5185185185185186,1.509090909090909,767,824.16,827.5686274509804,832.3461538461538,839.6603773584906,845.2592592592592,842.3818181818182,10339,9626.46,9645.21568627451,9664.673076923076,9711.566037735849,9748.833333333334,9746.454545454546,469,554.62,557.2156862745098,560.1346153846154,567.6981132075472,570.6111111111111,574.2727272727273,4,6.92,7.0,6.961538461538462,7.0,7.018518518518518,7.036363636363636,1026,930.9,933.6078431372549,937.0769230769231,945.566037735849,946.1666666666666,943.2363636363636,18014,14571.04,14579.058823529413,14603.346153846154,14693.981132075472,14833.0,14855.163636363637,789,860.14,862.8627450980392,865.9807692307693,873.1509433962265,877.3333333333334,879.0545454545454,1274,11,21.72,21.84313725490196,21.942307692307693,22.30188679245283,22.12962962962963,21.90909090909091,1,2.16,2.1372549019607843,2.1538461538461537,2.2264150943396226,2.3333333333333335,2.3454545454545452,2,0.94,1.0,1.0,0.9811320754716981,0.9814814814814815,0.9818181818181818,0,0.76,0.7450980392156863,0.7692307692307693,0.7547169811320755,0.7407407407407407,0.7454545454545455,110,201.02,202.35294117647058,202.07692307692307,202.52830188679246,202.0185185185185,200.45454545454547,57,86.28,86.92156862745098,87.59615384615384,88.75471698113208,88.42592592592592,87.4,4,0.9,0.9019607843137255,0.8846153846153846,0.9056603773584906,0.9074074074074074,0.9272727272727272,8,5.54,5.627450980392157,5.615384615384615,5.6415094339622645,5.703703703703703,5.6,228,217.04,218.35294117647058,218.82692307692307,220.30188679245282,222.07407407407408,223.27272727272728,31,17.7,17.725490196078432,17.71153846153846,17.79245283018868,18.166666666666668,18.381818181818183,84,142.28,144.80392156862746,147.67307692307693,150.77358490566039,151.1851851851852,150.34545454545454,87,70.22,70.6078431372549,71.13461538461539,72.32075471698113,73.29629629629629,73.47272727272727,351,494.44,497.8627450980392,500.6730769230769,506.8867924528302,508.2037037037037,506.7818181818182,19,10.18,10.196078431372548,10.211538461538462,10.981132075471699,11.12962962962963,10.981818181818182,0,0.14,0.13725490196078433,0.1346153846153846,0.1320754716981132,0.12962962962962962,0.12727272727272726
161,-21,-8,-15,-46.0,-32,10,-28,-20,-30,-39.0,-32,13,-25,-14,-18,-47.0,-33,12,-26,-9,-25,-37.0,-27,13,-24,-12,-22,-32.0,-5,6,-53,-43,-16,-53.0,-28,15,-31,-20,-39,-50.0,-54,23,746,975.1,980.0392156862745,984.9230769230769,994.811320754717,999.1111111111111,1032.0,1625,2155.14,2166.823529411765,2176.4423076923076,2197.132075471698,2203.9444444444443,2196.0,4577,5418.12,5441.921568627451,5467.461538461538,5502.245283018868,5515.148148148148,5395.0,1,1.58,1.607843137254902,1.5769230769230769,1.5471698113207548,1.5185185185185186,1.0,742,824.16,827.5686274509804,832.3461538461538,839.6603773584906,845.2592592592592,673.0,9988,9626.46,9645.21568627451,9664.673076923076,9711.566037735849,9748.833333333334,8846.0,462,554.62,557.2156862745098,560.1346153846154,567.6981132075472,570.6111111111111,598.0,7,6.92,7.0,6.961538461538462,7.0,7.018518518518518,7.0,670,930.9,933.6078431372549,937.0769230769231,945.566037735849,946.1666666666666,1086.0,16539,14571.04,14579.058823529413,14603.346153846154,14693.981132075472,14833.0,8684.0,706,860.14,862.8627450980392,865.9807692307693,873.1509433962265,877.3333333333334,881.0,1380,6,21.72,21.84313725490196,21.942307692307693,22.30188679245283,22.12962962962963,28.0,1,2.16,2.1372549019607843,2.1538461538461537,2.2264150943396226,2.3333333333333335,1.0,0,0.94,1.0,1.0,0.9811320754716981,0.9814814814814815,1.0,2,0.76,0.7450980392156863,0.7692307692307693,0.7547169811320755,0.7407407407407407,0.0,105,201.02,202.35294117647058,202.07692307692307,202.52830188679246,202.0185185185185,48.0,58,86.28,86.92156862745098,87.59615384615384,88.75471698113208,88.42592592592592,83.0,3,0.9,0.9019607843137255,0.8846153846153846,0.9056603773584906,0.9074074074074074,0.0,6,5.54,5.627450980392157,5.615384615384615,5.6415094339622645,5.703703703703703,4.0,159,217.04,218.35294117647058,218.82692307692307,220.30188679245282,222.07407407407408,243.0,21,17.7,17.725490196078432,17.71153846153846,17.79245283018868,18.166666666666668,15.0,89,142.28,144.80392156862746,147.67307692307693,150.77358490566039,151.1851851851852,162.0,72,70.22,70.6078431372549,71.13461538461539,72.32075471698113,73.29629629629629,58.0,306,494.44,497.8627450980392,500.6730769230769,506.8867924528302,508.2037037037037,536.0,1,10.18,10.196078431372548,10.211538461538462,10.981132075471699,11.12962962962963,16.0,0,0.14,0.13725490196078433,0.1346153846153846,0.1320754716981132,0.12962962962962962,0.0
157,-28,-20,-30,-39.0,-32,13,-25,-14,-18,-47.0,-33,12,-26,-9,-25,-37.0,-27,13,-24,-12,-22,-32.0,-5,6,-53,-43,-16,-53.0,-28,15,-31,-20,-39,-50.0,-54,23,-24,-10,-33,-42.0,-33,13,882,975.1,980.0392156862745,984.9230769230769,994.811320754717,1032.0,905.0,1860,2155.14,2166.823529411765,2176.4423076923076,2197.132075471698,2196.0,2202.0,5496,5418.12,5441.921568627451,5467.461538461538,5502.245283018868,5395.0,5886.0,3,1.58,1.607843137254902,1.5769230769230769,1.5471698113207548,1.0,0.0,915,824.16,827.5686274509804,832.3461538461538,839.6603773584906,673.0,798.0,10928,9626.46,9645.21568627451,9664.673076923076,9711.566037735849,8846.0,9420.0,550,554.62,557.2156862745098,560.1346153846154,567.6981132075472,598.0,576.0,2,6.92,7.0,6.961538461538462,7.0,7.0,6.0,831,930.9,933.6078431372549,937.0769230769231,945.566037735849,1086.0,1110.0,16704,14571.04,14579.058823529413,14603.346153846154,14693.981132075472,8684.0,9603.0,888,860.14,862.8627450980392,865.9807692307693,873.1509433962265,881.0,859.0,1475,15,21.72,21.84313725490196,21.942307692307693,22.30188679245283,28.0,33.0,0,2.16,2.1372549019607843,2.1538461538461537,2.2264150943396226,1.0,2.0,1,0.94,1.0,1.0,0.9811320754716981,1.0,2.0,0,0.76,0.7450980392156863,0.7692307692307693,0.7547169811320755,0.0,0.0,185,201.02,202.35294117647058,202.07692307692307,202.52830188679246,48.0,60.0,54,86.28,86.92156862745098,87.59615384615384,88.75471698113208,83.0,94.0,4,0.9,0.9019607843137255,0.8846153846153846,0.9056603773584906,0.0,0.0,3,5.54,5.627450980392157,5.615384615384615,5.6415094339622645,4.0,5.0,174,217.04,218.35294117647058,218.82692307692307,220.30188679245282,243.0,220.0,16,17.7,17.725490196078432,17.71153846153846,17.79245283018868,15.0,16.0,81,142.28,144.80392156862746,147.67307692307693,150.77358490566039,162.0,182.0,56,70.22,70.6078431372549,71.13461538461539,72.32075471698113,58.0,61.0,297,494.44,497.8627450980392,500.6730769230769,506.8867924528302,536.0,577.0,7,10.18,10.196078431372548,10.211538461538462,10.981132075471699,16.0,5.0,0,0.14,0.13725490196078433,0.1346153846153846,0.1320754716981132,0.0,0.0
143,-25,-14,-18,-47.0,-33,12,-26,-9,-25,-37.0,-27,13,-24,-12,-22,-32.0,-5,6,-53,-43,-16,-53.0,-28,15,-31,-20,-39,-50.0,-54,23,-24,-10,-33,-42.0,-33,13,-20,-12,-8,-37.0,-30,11,1083,975.1,980.0392156862745,984.9230769230769,1032.0,905.0,1031.0,2186,2155.14,2166.823529411765,2176.4423076923076,2196.0,2202.0,2259.0,6198,5418.12,5441.921568627451,5467.461538461538,5395.0,5886.0,5570.0,0,1.58,1.607843137254902,1.5769230769230769,1.0,0.0,1.0,988,824.16,827.5686274509804,832.3461538461538,673.0,798.0,838.0,10244,9626.46,9645.21568627451,9664.673076923076,8846.0,9420.0,9496.0,514,554.62,557.2156862745098,560.1346153846154,598.0,576.0,598.0,6,6.92,7.0,6.961538461538462,7.0,6.0,5.0,1070,930.9,933.6078431372549,937.0769230769231,1086.0,1110.0,1108.0,15233,14571.04,14579.058823529413,14603.346153846154,8684.0,9603.0,11146.0,887,860.14,862.8627450980392,865.9807692307693,881.0,859.0,866.0,2673,34,21.72,21.84313725490196,21.942307692307693,28.0,33.0,36.0,2,2.16,2.1372549019607843,2.1538461538461537,1.0,2.0,0.0,1,0.94,1.0,1.0,1.0,2.0,1.0,3,0.76,0.7450980392156863,0.7692307692307693,0.0,0.0,1.0,385,201.02,202.35294117647058,202.07692307692307,48.0,60.0,75.0,145,86.28,86.92156862745098,87.59615384615384,83.0,94.0,121.0,0,0.9,0.9019607843137255,0.8846153846153846,0.0,0.0,0.0,7,5.54,5.627450980392157,5.615384615384615,4.0,5.0,0.0,204,217.04,218.35294117647058,218.82692307692307,243.0,220.0,213.0,18,17.7,17.725490196078432,17.71153846153846,15.0,16.0,25.0,156,142.28,144.80392156862746,147.67307692307693,162.0,182.0,235.0,55,70.22,70.6078431372549,71.13461538461539,58.0,61.0,60.0,563,494.44,497.8627450980392,500.6730769230769,536.0,577.0,585.0,4,10.18,10.196078431372548,10.211538461538462,16.0,5.0,5.0,0,0.14,0.13725490196078433,0.1346153846153846,0.0,0.0,1.0
137,-26,-9,-25,-37.0,-27,13,-24,-12,-22,-32.0,-5,6,-53,-43,-16,-53.0,-28,15,-31,-20,-39,-50.0,-54,23,-24,-10,-33,-42.0,-33,13,-20,-12,-8,-37.0,-30,11,-21,-12,-2,-46.0,-34,11,1064,975.1,980.0392156862745,1032.0,905.0,1031.0,1234.0,2341,2155.14,2166.823529411765,2196.0,2202.0,2259.0,2724.0,6075,5418.12,5441.921568627451,5395.0,5886.0,5570.0,6507.0,1,1.58,1.607843137254902,1.0,0.0,1.0,0.0,965,824.16,827.5686274509804,673.0,798.0,838.0,923.0,10258,9626.46,9645.21568627451,8846.0,9420.0,9496.0,10727.0,522,554.62,557.2156862745098,598.0,576.0,598.0,684.0,4,6.92,7.0,7.0,6.0,5.0,8.0,1082,930.9,933.6078431372549,1086.0,1110.0,1108.0,1276.0,15823,14571.04,14579.058823529413,8684.0,9603.0,11146.0,14524.0,853,860.14,862.8627450980392,881.0,859.0,866.0,997.0,2255,20,21.72,21.84313725490196,28.0,33.0,36.0,36.0,0,2.16,2.1372549019607843,1.0,2.0,0.0,3.0,1,0.94,1.0,1.0,2.0,1.0,2.0,1,0.76,0.7450980392156863,0.0,0.0,1.0,1.0,399,201.02,202.35294117647058,48.0,60.0,75.0,108.0,100,86.28,86.92156862745098,83.0,94.0,121.0,117.0,0,0.9,0.9019607843137255,0.0,0.0,0.0,0.0,10,5.54,5.627450980392157,4.0,5.0,0.0,12.0,205,217.04,218.35294117647058,243.0,220.0,213.0,235.0,21,17.7,17.725490196078432,15.0,16.0,25.0,24.0,183,142.28,144.80392156862746,162.0,182.0,235.0,276.0,75,70.22,70.6078431372549,58.0,61.0,60.0,97.0,578,494.44,497.8627450980392,536.0,577.0,585.0,587.0,16,10.18,10.196078431372548,16.0,5.0,5.0,12.0,0,0.14,0.13725490196078433,0.0,0.0,1.0,0.0
128,-24,-12,-22,-32.0,-5,6,-53,-43,-16,-53.0,-28,15,-31,-20,-39,-50.0,-54,23,-24,-10,-33,-42.0,-33,13,-20,-12,-8,-37.0,-30,11,-21,-12,-2,-46.0,-34,11,-25,-7,-16,-35.0,-29,12,963,975.1,1032.0,905.0,1031.0,1234.0,1082.0,2336,2155.14,2196.0,2202.0,2259.0,2724.0,2008.0,5950,5418.12,5395.0,5886.0,5570.0,6507.0,5446.0,0,1.58,1.0,0.0,1.0,0.0,2.0,947,824.16,673.0,798.0,838.0,923.0,767.0,10364,9626.46,8846.0,9420.0,9496.0,10727.0,10339.0,543,554.62,598.0,576.0,598.0,684.0,469.0,12,6.92,7.0,6.0,5.0,8.0,4.0,1067,930.9,1086.0,1110.0,1108.0,1276.0,1026.0,15909,14571.04,8684.0,9603.0,11146.0,14524.0,18014.0,842,860.14,881.0,859.0,866.0,997.0,789.0,2317,26,21.72,28.0,33.0,36.0,36.0,11.0,1,2.16,1.0,2.0,0.0,3.0,1.0,0,0.94,1.0,2.0,1.0,2.0,2.0,1,0.76,0.0,0.0,1.0,1.0,0.0,378,201.02,48.0,60.0,75.0,108.0,110.0,121,86.28,83.0,94.0,121.0,117.0,57.0,2,0.9,0.0,0.0,0.0,0.0,4.0,0,5.54,4.0,5.0,0.0,12.0,8.0,195,217.04,243.0,220.0,213.0,235.0,228.0,19,17.7,15.0,16.0,25.0,24.0,31.0,194,142.28,162.0,182.0,235.0,276.0,84.0,97,70.22,58.0,61.0,60.0,97.0,87.0,615,494.44,536.0,577.0,585.0,587.0,351.0,8,10.18,16.0,5.0,5.0,12.0,19.0,0,0.14,0.0,0.0,1.0,0.0,0.0
121,-53,-43,-16,-53.0,-28,15,-31,-20,-39,-50.0,-54,23,-24,-10,-33,-42.0,-33,13,-20,-12,-8,-37.0,-30,11,-21,-12,-2,-46.0,-34,11,-25,-7,-16,-35.0,-29,12,-21,-16,8,-19.0,-6,6,1246,1032.0,905.0,1031.0,1234.0,1082.0,746.0,2579,2196.0,2202.0,2259.0,2724.0,2008.0,1625.0,6528,5395.0,5886.0,5570.0,6507.0,5446.0,4577.0,2,1.0,0.0,1.0,0.0,2.0,1.0,1103,673.0,798.0,838.0,923.0,767.0,742.0,11082,8846.0,9420.0,9496.0,10727.0,10339.0,9988.0,804,598.0,576.0,598.0,684.0,469.0,462.0,7,7.0,6.0,5.0,8.0,4.0,7.0,1105,1086.0,1110.0,1108.0,1276.0,1026.0,670.0,18734,8684.0,9603.0,11146.0,14524.0,18014.0,16539.0,1101,881.0,859.0,866.0,997.0,789.0,706.0,2103,21,28.0,33.0,36.0,36.0,11.0,6.0,4,1.0,2.0,0.0,3.0,1.0,1.0,0,1.0,2.0,1.0,2.0,2.0,0.0,0,0.0,0.0,1.0,1.0,0.0,2.0,325,48.0,60.0,75.0,108.0,110.0,105.0,172,83.0,94.0,121.0,117.0,57.0,58.0,1,0.0,0.0,0.0,0.0,4.0,3.0,8,4.0,5.0,0.0,12.0,8.0,6.0,228,243.0,220.0,213.0,235.0,228.0,159.0,20,15.0,16.0,25.0,24.0,31.0,21.0,224,162.0,182.0,235.0,276.0,84.0,89.0,85,58.0,61.0,60.0,97.0,87.0,72.0,652,536.0,577.0,585.0,587.0,351.0,306.0,28,16.0,5.0,5.0,12.0,19.0,1.0,0,0.0,0.0,1.0,0.0,0.0,0.0
111,-31,-20,-39,-50.0,-54,23,-24,-10,-33,-42.0,-33,13,-20,-12,-8,-37.0,-30,11,-21,-12,-2,-46.0,-34,11,-25,-7,-16,-35.0,-29,12,-21,-16,8,-19.0,-6,6,-22,-14,-9,-38.0,-18,6,945,905.0,1031.0,1234.0,1082.0,746.0,882.0,1988,2202.0,2259.0,2724.0,2008.0,1625.0,1860.0,5584,5886.0,5570.0,6507.0,5446.0,4577.0,5496.0,1,0.0,1.0,0.0,2.0,1.0,3.0,944,798.0,838.0,923.0,767.0,742.0,915.0,11910,9420.0,9496.0,10727.0,10339.0,9988.0,10928.0,454,576.0,598.0,684.0,469.0,462.0,550.0,8,6.0,5.0,8.0,4.0,7.0,2.0,907,1110.0,1108.0,1276.0,1026.0,670.0,831.0,20191,9603.0,11146.0,14524.0,18014.0,16539.0,16704.0,934,859.0,866.0,997.0,789.0,706.0,888.0,1212,17,33.0,36.0,36.0,11.0,6.0,15.0,6,2.0,0.0,3.0,1.0,1.0,0.0,0,2.0,1.0,2.0,2.0,0.0,1.0,0,0.0,1.0,1.0,0.0,2.0,0.0,154,60.0,75.0,108.0,110.0,105.0,185.0,48,94.0,121.0,117.0,57.0,58.0,54.0,1,0.0,0.0,0.0,4.0,3.0,4.0,5,5.0,0.0,12.0,8.0,6.0,3.0,190,220.0,213.0,235.0,228.0,159.0,174.0,20,16.0,25.0,24.0,31.0,21.0,16.0,72,182.0,235.0,276.0,84.0,89.0,81.0,125,61.0,60.0,97.0,87.0,72.0,56.0,346,577.0,585.0,587.0,351.0,306.0,297.0,5,5.0,5.0,12.0,19.0,1.0,7.0,0,0.0,1.0,0.0,0.0,0.0,0.0
113,-24,-10,-33,-42.0,-33,13,-20,-12,-8,-37.0,-30,11,-21,-12,-2,-46.0,-34,11,-25,-7,-16,-35.0,-29,12,-21,-16,8,-19.0,-6,6,-22,-14,-9,-38.0,-18,6,-12,-8,20,-41.0,-51,15,720,1031.0,1234.0,1082.0,746.0,882.0,1083.0,1496,2259.0,2724.0,2008.0,1625.0,1860.0,2186.0,4163,5570.0,6507.0,5446.0,4577.0,5496.0,6198.0,0,1.0,0.0,2.0,1.0,3.0,0.0,686,838.0,923.0,767.0,742.0,915.0,988.0,9555,9496.0,10727.0,10339.0,9988.0,10928.0,10244.0,484,598.0,684.0,469.0,462.0,550.0,514.0,8,5.0,8.0,4.0,7.0,2.0,6.0,563,1108.0,1276.0,1026.0,670.0,831.0,1070.0,14954,11146.0,14524.0,18014.0,16539.0,16704.0,15233.0,690,866.0,997.0,789.0,706.0,888.0,887.0,1161,2,36.0,36.0,11.0,6.0,15.0,34.0,2,0.0,3.0,1.0,1.0,0.0,2.0,0,1.0,2.0,2.0,0.0,1.0,1.0,1,1.0,1.0,0.0,2.0,0.0,3.0,117,75.0,108.0,110.0,105.0,185.0,385.0,29,121.0,117.0,57.0,58.0,54.0,145.0,0,0.0,0.0,4.0,3.0,4.0,0.0,2,0.0,12.0,8.0,6.0,3.0,7.0,162,213.0,235.0,228.0,159.0,174.0,204.0,32,25.0,24.0,31.0,21.0,16.0,18.0,73,235.0,276.0,84.0,89.0,81.0,156.0,49,60.0,97.0,87.0,72.0,56.0,55.0,370,585.0,587.0,351.0,306.0,297.0,563.0,1,5.0,12.0,19.0,1.0,7.0,4.0,0,1.0,0.0,0.0,0.0,0.0,0.0
110,-20,-12,-8,-37.0,-30,11,-21,-12,-2,-46.0,-34,11,-25,-7,-16,-35.0,-29,12,-21,-16,8,-19.0,-6,6,-22,-14,-9,-38.0,-18,6,-12,-8,20,-41.0,-51,15,-20,-10,-17,-36.0,-33,10,946,1234.0,1082.0,746.0,882.0,1083.0,1064.0,2205,2724.0,2008.0,1625.0,1860.0,2186.0,2341.0,5853,6507.0,5446.0,4577.0,5496.0,6198.0,6075.0,2,0.0,2.0,1.0,3.0,0.0,1.0,848,923.0,767.0,742.0,915.0,988.0,965.0,9683,10727.0,10339.0,9988.0,10928.0,10244.0,10258.0,534,684.0,469.0,462.0,550.0,514.0,522.0,10,8.0,4.0,7.0,2.0,6.0,4.0,937,1276.0,1026.0,670.0,831.0,1070.0,1082.0,14613,14524.0,18014.0,16539.0,16704.0,15233.0,15823.0,781,997.0,789.0,706.0,888.0,887.0,853.0,2265,31,36.0,11.0,6.0,15.0,34.0,20.0,5,3.0,1.0,1.0,0.0,2.0,0.0,1,2.0,2.0,0.0,1.0,1.0,1.0,2,1.0,0.0,2.0,0.0,3.0,1.0,394,108.0,110.0,105.0,185.0,385.0,399.0,86,117.0,57.0,58.0,54.0,145.0,100.0,1,0.0,4.0,3.0,4.0,0.0,0.0,13,12.0,8.0,6.0,3.0,7.0,10.0,220,235.0,228.0,159.0,174.0,204.0,205.0,20,24.0,31.0,21.0,16.0,18.0,21.0,138,276.0,84.0,89.0,81.0,156.0,183.0,65,97.0,87.0,72.0,56.0,55.0,75.0,519,587.0,351.0,306.0,297.0,563.0,578.0,5,12.0,19.0,1.0,7.0,4.0,16.0,0,0.0,0.0,0.0,0.0,0.0,0.0
105,-21,-12,-2,-46.0,-34,11,-25,-7,-16,-35.0,-29,12,-21,-16,8,-19.0,-6,6,-22,-14,-9,-38.0,-18,6,-12,-8,20,-41.0,-51,15,-20,-10,-17,-36.0,-33,10,-20,-13,3,-38.0,-31,11,919,1082.0,746.0,882.0,1083.0,1064.0,963.0,2389,2008.0,1625.0,1860.0,2186.0,2341.0,2336.0,5957,5446.0,4577.0,5496.0,6198.0,6075.0,5950.0,4,2.0,1.0,3.0,0.0,1.0,0.0,929,767.0,742.0,915.0,988.0,965.0,947.0,10222,10339.0,9988.0,10928.0,10244.0,10258.0,10364.0,538,469.0,462.0,550.0,514.0,522.0,543.0,5,4.0,7.0,2.0,6.0,4.0,12.0,963,1026.0,670.0,831.0,1070.0,1082.0,1067.0,16107,18014.0,16539.0,16704.0,15233.0,15823.0,15909.0,864,789.0,706.0,888.0,887.0,853.0,842.0,2951,22,11.0,6.0,15.0,34.0,20.0,26.0,5,1.0,1.0,0.0,2.0,0.0,1.0,0,2.0,0.0,1.0,1.0,1.0,0.0,0,0.0,2.0,0.0,3.0,1.0,1.0,355,110.0,105.0,185.0,385.0,399.0,378.0,90,57.0,58.0,54.0,145.0,100.0,121.0,0,4.0,3.0,4.0,0.0,0.0,2.0,8,8.0,6.0,3.0,7.0,10.0,0.0,240,228.0,159.0,174.0,204.0,205.0,195.0,14,31.0,21.0,16.0,18.0,21.0,19.0,153,84.0,89.0,81.0,156.0,183.0,194.0,58,87.0,72.0,56.0,55.0,75.0,97.0,478,351.0,306.0,297.0,563.0,578.0,615.0,8,19.0,1.0,7.0,4.0,16.0,8.0,0,0.0,0.0,0.0,0.0,0.0,0.0
112,-25,-7,-16,-35.0,-29,12,-21,-16,8,-19.0,-6,6,-22,-14,-9,-38.0,-18,6,-12,-8,20,-41.0,-51,15,-20,-10,-17,-36.0,-33,10,-20,-13,3,-38.0,-31,11,-24,-15,-14,-43.0,-34,12,956,746.0,882.0,1083.0,1064.0,963.0,1246.0,2480,1625.0,1860.0,2186.0,2341.0,2336.0,2579.0,6283,4577.0,5496.0,6198.0,6075.0,5950.0,6528.0,3,1.0,3.0,0.0,1.0,0.0,2.0,998,742.0,915.0,988.0,965.0,947.0,1103.0,10539,9988.0,10928.0,10244.0,10258.0,10364.0,11082.0,597,462.0,550.0,514.0,522.0,543.0,804.0,5,7.0,2.0,6.0,4.0,12.0,7.0,984,670.0,831.0,1070.0,1082.0,1067.0,1105.0,16023,16539.0,16704.0,15233.0,15823.0,15909.0,18734.0,980,706.0,888.0,887.0,853.0,842.0,1101.0,2230,23,6.0,15.0,34.0,20.0,26.0,21.0,0,1.0,0.0,2.0,0.0,1.0,4.0,4,0.0,1.0,1.0,1.0,0.0,0.0,0,2.0,0.0,3.0,1.0,1.0,0.0,386,105.0,185.0,385.0,399.0,378.0,325.0,79,58.0,54.0,145.0,100.0,121.0,172.0,0,3.0,4.0,0.0,0.0,2.0,1.0,9,6.0,3.0,7.0,10.0,0.0,8.0,183,159.0,174.0,204.0,205.0,195.0,228.0,20,21.0,16.0,18.0,21.0,19.0,20.0,136,89.0,81.0,156.0,183.0,194.0,224.0,68,72.0,56.0,55.0,75.0,97.0,85.0,584,306.0,297.0,563.0,578.0,615.0,652.0,9,1.0,7.0,4.0,16.0,8.0,28.0,0,0.0,0.0,0.0,0.0,0.0,0.0
104,-21,-16,8,-19.0,-6,6,-22,-14,-9,-38.0,-18,6,-12,-8,20,-41.0,-51,15,-20,-10,-17,-36.0,-33,10,-20,-13,3,-38.0,-31,11,-24,-15,-14,-43.0,-34,12,-24,-7,-4,-36.0,-29,12,889,882.0,1083.0,1064.0,963.0,1246.0,945.0,2294,1860.0,2186.0,2341.0,2336.0,2579.0,1988.0,5581,5496.0,6198.0,6075.0,5950.0,6528.0,5584.0,2,3.0,0.0,1.0,0.0,2.0,1.0,842,915.0,988.0,965.0,947.0,1103.0,944.0,9094,10928.0,10244.0,10258.0,10364.0,11082.0,11910.0,565,550.0,514.0,522.0,543.0,804.0,454.0,4,2.0,6.0,4.0,12.0,7.0,8.0,830,831.0,1070.0,1082.0,1067.0,1105.0,907.0,15161,16704.0,15233.0,15823.0,15909.0,18734.0,20191.0,866,888.0,887.0,853.0,842.0,1101.0,934.0,2100,22,15.0,34.0,20.0,26.0,21.0,17.0,2,0.0,2.0,0.0,1.0,4.0,6.0,0,1.0,1.0,1.0,0.0,0.0,0.0,0,0.0,3.0,1.0,1.0,0.0,0.0,310,185.0,385.0,399.0,378.0,325.0,154.0,128,54.0,145.0,100.0,121.0,172.0,48.0,2,4.0,0.0,0.0,2.0,1.0,1.0,7,3.0,7.0,10.0,0.0,8.0,5.0,228,174.0,204.0,205.0,195.0,228.0,190.0,15,16.0,18.0,21.0,19.0,20.0,20.0,170,81.0,156.0,183.0,194.0,224.0,72.0,68,56.0,55.0,75.0,97.0,85.0,125.0,517,297.0,563.0,578.0,615.0,652.0,346.0,10,7.0,4.0,16.0,8.0,28.0,5.0,0,0.0,0.0,0.0,0.0,0.0,0.0
88,-22,-14,-9,-38.0,-18,6,-12,-8,20,-41.0,-51,15,-20,-10,-17,-36.0,-33,10,-20,-13,3,-38.0,-31,11,-24,-15,-14,-43.0,-34,12,-24,-7,-4,-36.0,-29,12,-20,-14,32,-30.0,-11,7,1203,1083.0,1064.0,963.0,1246.0,945.0,720.0,2570,2186.0,2341.0,2336.0,2579.0,1988.0,1496.0,6023,6198.0,6075.0,5950.0,6528.0,5584.0,4163.0,3,0.0,1.0,0.0,2.0,1.0,0.0,1051,988.0,965.0,947.0,1103.0,944.0,686.0,10185,10244.0,10258.0,10364.0,11082.0,11910.0,9555.0,756,514.0,522.0,543.0,804.0,454.0,484.0,8,6.0,4.0,12.0,7.0,8.0,8.0,1094,1070.0,1082.0,1067.0,1105.0,907.0,563.0,17499,15233.0,15823.0,15909.0,18734.0,20191.0,14954.0,1064,887.0,853.0,842.0,1101.0,934.0,690.0,1879,34,34.0,20.0,26.0,21.0,17.0,2.0,1,2.0,0.0,1.0,4.0,6.0,2.0,2,1.0,1.0,0.0,0.0,0.0,0.0,0,3.0,1.0,1.0,0.0,0.0,1.0,276,385.0,399.0,378.0,325.0,154.0,117.0,144,145.0,100.0,121.0,172.0,48.0,29.0,2,0.0,0.0,2.0,1.0,1.0,0.0,9,7.0,10.0,0.0,8.0,5.0,2.0,262,204.0,205.0,195.0,228.0,190.0,162.0,16,18.0,21.0,19.0,20.0,20.0,32.0,185,156.0,183.0,194.0,224.0,72.0,73.0,76,55.0,75.0,97.0,85.0,125.0,49.0,661,563.0,578.0,615.0,652.0,346.0,370.0,25,4.0,16.0,8.0,28.0,5.0,1.0,0,0.0,0.0,0.0,0.0,0.0,0.0
88,-12,-8,20,-41.0,-51,15,-20,-10,-17,-36.0,-33,10,-20,-13,3,-38.0,-31,11,-24,-15,-14,-43.0,-34,12,-24,-7,-4,-36.0,-29,12,-20,-14,32,-30.0,-11,7,-28,-17,-18,-47.0,-18,8,945,1064.0,963.0,1246.0,945.0,720.0,946.0,1997,2341.0,2336.0,2579.0,1988.0,1496.0,2205.0,5261,6075.0,5950.0,6528.0,5584.0,4163.0,5853.0,6,1.0,0.0,2.0,1.0,0.0,2.0,857,965.0,947.0,1103.0,944.0,686.0,848.0,9054,10258.0,10364.0,11082.0,11910.0,9555.0,9683.0,485,522.0,543.0,804.0,454.0,484.0,534.0,14,4.0,12.0,7.0,8.0,8.0,10.0,706,1082.0,1067.0,1105.0,907.0,563.0,937.0,18521,15823.0,15909.0,18734.0,20191.0,14954.0,14613.0,1134,853.0,842.0,1101.0,934.0,690.0,781.0,1091,15,20.0,26.0,21.0,17.0,2.0,31.0,2,0.0,1.0,4.0,6.0,2.0,5.0,4,1.0,0.0,0.0,0.0,0.0,1.0,0,1.0,1.0,0.0,0.0,1.0,2.0,129,399.0,378.0,325.0,154.0,117.0,394.0,109,100.0,121.0,172.0,48.0,29.0,86.0,3,0.0,2.0,1.0,1.0,0.0,1.0,5,10.0,0.0,8.0,5.0,2.0,13.0,251,205.0,195.0,228.0,190.0,162.0,220.0,22,21.0,19.0,20.0,20.0,32.0,20.0,79,183.0,194.0,224.0,72.0,73.0,138.0,116,75.0,97.0,85.0,125.0,49.0,65.0,421,578.0,615.0,652.0,346.0,370.0,519.0,20,16.0,8.0,28.0,5.0,1.0,5.0,1,0.0,0.0,0.0,0.0,0.0,0.0
87,-20,-10,-17,-36.0,-33,10,-20,-13,3,-38.0,-31,11,-24,-15,-14,-43.0,-34,12,-24,-7,-4,-36.0,-29,12,-20,-14,32,-30.0,-11,7,-28,-17,-18,-47.0,-18,8,-21,-17,9,-37.0,-32,11,706,963.0,1246.0,945.0,720.0,946.0,919.0,1610,2336.0,2579.0,1988.0,1496.0,2205.0,2389.0,3916,5950.0,6528.0,5584.0,4163.0,5853.0,5957.0,3,0.0,2.0,1.0,0.0,2.0,4.0,662,947.0,1103.0,944.0,686.0,848.0,929.0,8186,10364.0,11082.0,11910.0,9555.0,9683.0,10222.0,495,543.0,804.0,454.0,484.0,534.0,538.0,5,12.0,7.0,8.0,8.0,10.0,5.0,603,1067.0,1105.0,907.0,563.0,937.0,963.0,14385,15909.0,18734.0,20191.0,14954.0,14613.0,16107.0,804,842.0,1101.0,934.0,690.0,781.0,864.0,1268,3,26.0,21.0,17.0,2.0,31.0,22.0,1,1.0,4.0,6.0,2.0,5.0,5.0,0,0.0,0.0,0.0,0.0,1.0,0.0,2,1.0,0.0,0.0,1.0,2.0,0.0,109,378.0,325.0,154.0,117.0,394.0,355.0,36,121.0,172.0,48.0,29.0,86.0,90.0,0,2.0,1.0,1.0,0.0,1.0,0.0,4,0.0,8.0,5.0,2.0,13.0,8.0,153,195.0,228.0,190.0,162.0,220.0,240.0,21,19.0,20.0,20.0,32.0,20.0,14.0,61,194.0,224.0,72.0,73.0,138.0,153.0,67,97.0,85.0,125.0,49.0,65.0,58.0,263,615.0,652.0,346.0,370.0,519.0,478.0,0,8.0,28.0,5.0,1.0,5.0,8.0,0,0.0,0.0,0.0,0.0,0.0,0.0
89,-20,-13,3,-38.0,-31,11,-24,-15,-14,-43.0,-34,12,-24,-7,-4,-36.0,-29,12,-20,-14,32,-30.0,-11,7,-28,-17,-18,-47.0,-18,8,-21,-17,9,-37.0,-32,11,-18,-10,9,-44.0,-33,9,975,1246.0,945.0,720.0,946.0,919.0,956.0,2235,2579.0,1988.0,1496.0,2205.0,2389.0,2480.0,5783,6528.0,5584.0,4163.0,5853.0,5957.0,6283.0,2,2.0,1.0,0.0,2.0,4.0,3.0,834,1103.0,944.0,686.0,848.0,929.0,998.0,9112,11082.0,11910.0,9555.0,9683.0,10222.0,10539.0,512,804.0,454.0,484.0,534.0,538.0,597.0,4,7.0,8.0,8.0,10.0,5.0,5.0,752,1105.0,907.0,563.0,937.0,963.0,984.0,14469,18734.0,20191.0,14954.0,14613.0,16107.0,16023.0,901,1101.0,934.0,690.0,781.0,864.0,980.0,2053,32,21.0,17.0,2.0,31.0,22.0,23.0,7,4.0,6.0,2.0,5.0,5.0,0.0,1,0.0,0.0,0.0,1.0,0.0,4.0,1,0.0,0.0,1.0,2.0,0.0,0.0,360,325.0,154.0,117.0,394.0,355.0,386.0,98,172.0,48.0,29.0,86.0,90.0,79.0,1,1.0,1.0,0.0,1.0,0.0,0.0,7,8.0,5.0,2.0,13.0,8.0,9.0,198,228.0,190.0,162.0,220.0,240.0,183.0,13,20.0,20.0,32.0,20.0,14.0,20.0,152,224.0,72.0,73.0,138.0,153.0,136.0,58,85.0,125.0,49.0,65.0,58.0,68.0,583,652.0,346.0,370.0,519.0,478.0,584.0,9,28.0,5.0,1.0,5.0,8.0,9.0,0,0.0,0.0,0.0,0.0,0.0,0.0
90,-24,-15,-14,-43.0,-34,12,-24,-7,-4,-36.0,-29,12,-20,-14,32,-30.0,-11,7,-28,-17,-18,-47.0,-18,8,-21,-17,9,-37.0,-32,11,-18,-10,9,-44.0,-33,9,-16,-13,14,-33.0,-31,10,932,945.0,720.0,946.0,919.0,956.0,889.0,2222,1988.0,1496.0,2205.0,2389.0,2480.0,2294.0,5907,5584.0,4163.0,5853.0,5957.0,6283.0,5581.0,0,1.0,0.0,2.0,4.0,3.0,2.0,814,944.0,686.0,848.0,929.0,998.0,842.0,8861,11910.0,9555.0,9683.0,10222.0,10539.0,9094.0,530,454.0,484.0,534.0,538.0,597.0,565.0,6,8.0,8.0,10.0,5.0,5.0,4.0,908,907.0,563.0,937.0,963.0,984.0,830.0,15070,20191.0,14954.0,14613.0,16107.0,16023.0,15161.0,973,934.0,690.0,781.0,864.0,980.0,866.0,2568,24,17.0,2.0,31.0,22.0,23.0,22.0,2,6.0,2.0,5.0,5.0,0.0,2.0,2,0.0,0.0,1.0,0.0,4.0,0.0,0,0.0,1.0,2.0,0.0,0.0,0.0,389,154.0,117.0,394.0,355.0,386.0,310.0,131,48.0,29.0,86.0,90.0,79.0,128.0,0,1.0,0.0,1.0,0.0,0.0,2.0,4,5.0,2.0,13.0,8.0,9.0,7.0,174,190.0,162.0,220.0,240.0,183.0,228.0,10,20.0,32.0,20.0,14.0,20.0,15.0,106,72.0,73.0,138.0,153.0,136.0,170.0,97,125.0,49.0,65.0,58.0,68.0,68.0,500,346.0,370.0,519.0,478.0,584.0,517.0,12,5.0,1.0,5.0,8.0,9.0,10.0,0,0.0,0.0,0.0,0.0,0.0,0.0
86,-24,-7,-4,-36.0,-29,12,-20,-14,32,-30.0,-11,7,-28,-17,-18,-47.0,-18,8,-21,-17,9,-37.0,-32,11,-18,-10,9,-44.0,-33,9,-16,-13,14,-33.0,-31,10,-20,-14,-2,-52.0,-34,11,1017,720.0,946.0,919.0,956.0,889.0,1203.0,2332,1496.0,2205.0,2389.0,2480.0,2294.0,2570.0,5911,4163.0,5853.0,5957.0,6283.0,5581.0,6023.0,2,0.0,2.0,4.0,3.0,2.0,3.0,910,686.0,848.0,929.0,998.0,842.0,1051.0,9829,9555.0,9683.0,10222.0,10539.0,9094.0,10185.0,539,484.0,534.0,538.0,597.0,565.0,756.0,5,8.0,10.0,5.0,5.0,4.0,8.0,1069,563.0,937.0,963.0,984.0,830.0,1094.0,15480,14954.0,14613.0,16107.0,16023.0,15161.0,17499.0,936,690.0,781.0,864.0,980.0,866.0,1064.0,2231,26,2.0,31.0,22.0,23.0,22.0,34.0,3,2.0,5.0,5.0,0.0,2.0,1.0,2,0.0,1.0,0.0,4.0,0.0,2.0,1,1.0,2.0,0.0,0.0,0.0,0.0,374,117.0,394.0,355.0,386.0,310.0,276.0,109,29.0,86.0,90.0,79.0,128.0,144.0,0,0.0,1.0,0.0,0.0,2.0,2.0,14,2.0,13.0,8.0,9.0,7.0,9.0,176,162.0,220.0,240.0,183.0,228.0,262.0,14,32.0,20.0,14.0,20.0,15.0,16.0,137,73.0,138.0,153.0,136.0,170.0,185.0,58,49.0,65.0,58.0,68.0,68.0,76.0,555,370.0,519.0,478.0,584.0,517.0,661.0,12,1.0,5.0,8.0,9.0,10.0,25.0,0,0.0,0.0,0.0,0.0,0.0,0.0
82,-20,-14,32,-30.0,-11,7,-28,-17,-18,-47.0,-18,8,-21,-17,9,-37.0,-32,11,-18,-10,9,-44.0,-33,9,-16,-13,14,-33.0,-31,10,-20,-14,-2,-52.0,-34,11,-21,-4,8,-38.0,-28,11,1065,946.0,919.0,956.0,889.0,1203.0,945.0,2665,2205.0,2389.0,2480.0,2294.0,2570.0,1997.0,6076,5853.0,5957.0,6283.0,5581.0,6023.0,5261.0,4,2.0,4.0,3.0,2.0,3.0,6.0,945,848.0,929.0,998.0,842.0,1051.0,857.0,9920,9683.0,10222.0,10539.0,9094.0,10185.0,9054.0,637,534.0,538.0,597.0,565.0,756.0,485.0,6,10.0,5.0,5.0,4.0,8.0,14.0,1126,937.0,963.0,984.0,830.0,1094.0,706.0,15764,14613.0,16107.0,16023.0,15161.0,17499.0,18521.0,1008,781.0,864.0,980.0,866.0,1064.0,1134.0,2152,22,31.0,22.0,23.0,22.0,34.0,15.0,0,5.0,5.0,0.0,2.0,1.0,2.0,1,1.0,0.0,4.0,0.0,2.0,4.0,2,2.0,0.0,0.0,0.0,0.0,0.0,289,394.0,355.0,386.0,310.0,276.0,129.0,99,86.0,90.0,79.0,128.0,144.0,109.0,0,1.0,0.0,0.0,2.0,2.0,3.0,5,13.0,8.0,9.0,7.0,9.0,5.0,234,220.0,240.0,183.0,228.0,262.0,251.0,14,20.0,14.0,20.0,15.0,16.0,22.0,128,138.0,153.0,136.0,170.0,185.0,79.0,76,65.0,58.0,68.0,68.0,76.0,116.0,591,519.0,478.0,584.0,517.0,661.0,421.0,12,5.0,8.0,9.0,10.0,25.0,20.0,0,0.0,0.0,0.0,0.0,0.0,1.0
85,-28,-17,-18,-47.0,-18,8,-21,-17,9,-37.0,-32,11,-18,-10,9,-44.0,-33,9,-16,-13,14,-33.0,-31,10,-20,-14,-2,-52.0,-34,11,-21,-4,8,-38.0,-28,11,-19,-12,4,-36.0,-11,6,1189,919.0,956.0,889.0,1203.0,945.0,706.0,3067,2389.0,2480.0,2294.0,2570.0,1997.0,1610.0,6491,5957.0,6283.0,5581.0,6023.0,5261.0,3916.0,0,4.0,3.0,2.0,3.0,6.0,3.0,995,929.0,998.0,842.0,1051.0,857.0,662.0,10927,10222.0,10539.0,9094.0,10185.0,9054.0,8186.0,635,538.0,597.0,565.0,756.0,485.0,495.0,4,5.0,5.0,4.0,8.0,14.0,5.0,1219,963.0,984.0,830.0,1094.0,706.0,603.0,17311,16107.0,16023.0,15161.0,17499.0,18521.0,14385.0,989,864.0,980.0,866.0,1064.0,1134.0,804.0,1574,17,22.0,23.0,22.0,34.0,15.0,3.0,3,5.0,0.0,2.0,1.0,2.0,1.0,0,0.0,4.0,0.0,2.0,4.0,0.0,0,0.0,0.0,0.0,0.0,0.0,2.0,267,355.0,386.0,310.0,276.0,129.0,109.0,124,90.0,79.0,128.0,144.0,109.0,36.0,3,0.0,0.0,2.0,2.0,3.0,0.0,11,8.0,9.0,7.0,9.0,5.0,4.0,287,240.0,183.0,228.0,262.0,251.0,153.0,15,14.0,20.0,15.0,16.0,22.0,21.0,213,153.0,136.0,170.0,185.0,79.0,61.0,76,58.0,68.0,68.0,76.0,116.0,67.0,661,478.0,584.0,517.0,661.0,421.0,263.0,32,8.0,9.0,10.0,25.0,20.0,0.0,0,0.0,0.0,0.0,0.0,1.0,0.0
83,-21,-17,9,-37.0,-32,11,-18,-10,9,-44.0,-33,9,-16,-13,14,-33.0,-31,10,-20,-14,-2,-52.0,-34,11,-21,-4,8,-38.0,-28,11,-19,-12,4,-36.0,-11,6,-21,-12,-12,-39.0,-17,6,1135,956.0,889.0,1203.0,945.0,706.0,975.0,2208,2480.0,2294.0,2570.0,1997.0,1610.0,2235.0,5377,6283.0,5581.0,6023.0,5261.0,3916.0,5783.0,1,3.0,2.0,3.0,6.0,3.0,2.0,809,998.0,842.0,1051.0,857.0,662.0,834.0,9884,10539.0,9094.0,10185.0,9054.0,8186.0,9112.0,546,597.0,565.0,756.0,485.0,495.0,512.0,14,5.0,4.0,8.0,14.0,5.0,4.0,985,984.0,830.0,1094.0,706.0,603.0,752.0,17551,16023.0,15161.0,17499.0,18521.0,14385.0,14469.0,915,980.0,866.0,1064.0,1134.0,804.0,901.0,777,8,23.0,22.0,34.0,15.0,3.0,32.0,0,0.0,2.0,1.0,2.0,1.0,7.0,1,4.0,0.0,2.0,4.0,0.0,1.0,1,0.0,0.0,0.0,0.0,2.0,1.0,165,386.0,310.0,276.0,129.0,109.0,360.0,116,79.0,128.0,144.0,109.0,36.0,98.0,3,0.0,2.0,2.0,3.0,0.0,1.0,14,9.0,7.0,9.0,5.0,4.0,7.0,312,183.0,228.0,262.0,251.0,153.0,198.0,30,20.0,15.0,16.0,22.0,21.0,13.0,74,136.0,170.0,185.0,79.0,61.0,152.0,75,68.0,68.0,76.0,116.0,67.0,58.0,454,584.0,517.0,661.0,421.0,263.0,583.0,19,9.0,10.0,25.0,20.0,0.0,9.0,0,0.0,0.0,0.0,1.0,0.0,0.0
79,-18,-10,9,-44.0,-33,9,-16,-13,14,-33.0,-31,10,-20,-14,-2,-52.0,-34,11,-21,-4,8,-38.0,-28,11,-19,-12,4,-36.0,-11,6,-21,-12,-12,-39.0,-17,6,-15,-10,5,-40.0,-31,10,690,889.0,1203.0,945.0,706.0,975.0,932.0,1696,2294.0,2570.0,1997.0,1610.0,2235.0,2222.0,3938,5581.0,6023.0,5261.0,3916.0,5783.0,5907.0,1,2.0,3.0,6.0,3.0,2.0,0.0,660,842.0,1051.0,857.0,662.0,834.0,814.0,7982,9094.0,10185.0,9054.0,8186.0,9112.0,8861.0,468,565.0,756.0,485.0,495.0,512.0,530.0,4,4.0,8.0,14.0,5.0,4.0,6.0,634,830.0,1094.0,706.0,603.0,752.0,908.0,12353,15161.0,17499.0,18521.0,14385.0,14469.0,15070.0,805,866.0,1064.0,1134.0,804.0,901.0,973.0,848,4,22.0,34.0,15.0,3.0,32.0,24.0,0,2.0,1.0,2.0,1.0,7.0,2.0,0,0.0,2.0,4.0,0.0,1.0,2.0,0,0.0,0.0,0.0,2.0,1.0,0.0,79,310.0,276.0,129.0,109.0,360.0,389.0,31,128.0,144.0,109.0,36.0,98.0,131.0,1,2.0,2.0,3.0,0.0,1.0,0.0,9,7.0,9.0,5.0,4.0,7.0,4.0,197,228.0,262.0,251.0,153.0,198.0,174.0,11,15.0,16.0,22.0,21.0,13.0,10.0,85,170.0,185.0,79.0,61.0,152.0,106.0,71,68.0,76.0,116.0,67.0,58.0,97.0,286,517.0,661.0,421.0,263.0,583.0,500.0,2,10.0,25.0,20.0,0.0,9.0,12.0,0,0.0,0.0,1.0,0.0,0.0,0.0
62,-16,-13,14,-33.0,-31,10,-20,-14,-2,-52.0,-34,11,-21,-4,8,-38.0,-28,11,-19,-12,4,-36.0,-11,6,-21,-12,-12,-39.0,-17,6,-15,-10,5,-40.0,-31,10,-15,-9,5,-48.0,-32,10,1006,1203.0,945.0,706.0,975.0,932.0,1017.0,2196,2570.0,1997.0,1610.0,2235.0,2222.0,2332.0,5564,6023.0,5261.0,3916.0,5783.0,5907.0,5911.0,4,3.0,6.0,3.0,2.0,0.0,2.0,787,1051.0,857.0,662.0,834.0,814.0,910.0,9642,10185.0,9054.0,8186.0,9112.0,8861.0,9829.0,520,756.0,485.0,495.0,512.0,530.0,539.0,5,8.0,14.0,5.0,4.0,6.0,5.0,985,1094.0,706.0,603.0,752.0,908.0,1069.0,13024,17499.0,18521.0,14385.0,14469.0,15070.0,15480.0,790,1064.0,1134.0,804.0,901.0,973.0,936.0,1757,31,34.0,15.0,3.0,32.0,24.0,26.0,3,1.0,2.0,1.0,7.0,2.0,3.0,0,2.0,4.0,0.0,1.0,2.0,2.0,0,0.0,0.0,2.0,1.0,0.0,1.0,332,276.0,129.0,109.0,360.0,389.0,374.0,71,144.0,109.0,36.0,98.0,131.0,109.0,2,2.0,3.0,0.0,1.0,0.0,0.0,4,9.0,5.0,4.0,7.0,4.0,14.0,221,262.0,251.0,153.0,198.0,174.0,176.0,12,16.0,22.0,21.0,13.0,10.0,14.0,139,185.0,79.0,61.0,152.0,106.0,137.0,49,76.0,116.0,67.0,58.0,97.0,58.0,619,661.0,421.0,263.0,583.0,500.0,555.0,4,25.0,20.0,0.0,9.0,12.0,12.0,0,0.0,1.0,0.0,0.0,0.0,0.0
66,-20,-14,-2,-52.0,-34,11,-21,-4,8,-38.0,-28,11,-19,-12,4,-36.0,-11,6,-21,-12,-12,-39.0,-17,6,-15,-10,5,-40.0,-31,10,-15,-9,5,-48.0,-32,10,-14,-10,19,-39.0,-29,10,1058,945.0,706.0,975.0,932.0,1017.0,1065.0,2450,1997.0,1610.0,2235.0,2222.0,2332.0,2665.0,5912,5261.0,3916.0,5783.0,5907.0,5911.0,6076.0,2,6.0,3.0,2.0,0.0,2.0,4.0,777,857.0,662.0,834.0,814.0,910.0,945.0,9879,9054.0,8186.0,9112.0,8861.0,9829.0,9920.0,517,485.0,495.0,512.0,530.0,539.0,637.0,3,14.0,5.0,4.0,6.0,5.0,6.0,1097,706.0,603.0,752.0,908.0,1069.0,1126.0,13626,18521.0,14385.0,14469.0,15070.0,15480.0,15764.0,969,1134.0,804.0,901.0,973.0,936.0,1008.0,2068,26,15.0,3.0,32.0,24.0,26.0,22.0,1,2.0,1.0,7.0,2.0,3.0,0.0,0,4.0,0.0,1.0,2.0,2.0,1.0,1,0.0,2.0,1.0,0.0,1.0,2.0,347,129.0,109.0,360.0,389.0,374.0,289.0,88,109.0,36.0,98.0,131.0,109.0,99.0,0,3.0,0.0,1.0,0.0,0.0,0.0,4,5.0,4.0,7.0,4.0,14.0,5.0,240,251.0,153.0,198.0,174.0,176.0,234.0,17,22.0,21.0,13.0,10.0,14.0,14.0,132,79.0,61.0,152.0,106.0,137.0,128.0,53,116.0,67.0,58.0,97.0,58.0,76.0,517,421.0,263.0,583.0,500.0,555.0,591.0,10,20.0,0.0,9.0,12.0,12.0,12.0,0,1.0,0.0,0.0,0.0,0.0,0.0
61,-21,-4,8,-38.0,-28,11,-19,-12,4,-36.0,-11,6,-21,-12,-12,-39.0,-17,6,-15,-10,5,-40.0,-31,10,-15,-9,5,-48.0,-32,10,-14,-10,19,-39.0,-29,10,-17,-8,9,-46.0,-32,11,990,706.0,975.0,932.0,1017.0,1065.0,1189.0,2333,1610.0,2235.0,2222.0,2332.0,2665.0,3067.0,6036,3916.0,5783.0,5907.0,5911.0,6076.0,6491.0,4,3.0,2.0,0.0,2.0,4.0,0.0,829,662.0,834.0,814.0,910.0,945.0,995.0,9855,8186.0,9112.0,8861.0,9829.0,9920.0,10927.0,557,495.0,512.0,530.0,539.0,637.0,635.0,6,5.0,4.0,6.0,5.0,6.0,4.0,1034,603.0,752.0,908.0,1069.0,1126.0,1219.0,13864,14385.0,14469.0,15070.0,15480.0,15764.0,17311.0,933,804.0,901.0,973.0,936.0,1008.0,989.0,1683,29,3.0,32.0,24.0,26.0,22.0,17.0,5,1.0,7.0,2.0,3.0,0.0,3.0,2,0.0,1.0,2.0,2.0,1.0,0.0,2,2.0,1.0,0.0,1.0,2.0,0.0,378,109.0,360.0,389.0,374.0,289.0,267.0,89,36.0,98.0,131.0,109.0,99.0,124.0,0,0.0,1.0,0.0,0.0,0.0,3.0,4,4.0,7.0,4.0,14.0,5.0,11.0,234,153.0,198.0,174.0,176.0,234.0,287.0,11,21.0,13.0,10.0,14.0,14.0,15.0,142,61.0,152.0,106.0,137.0,128.0,213.0,61,67.0,58.0,97.0,58.0,76.0,76.0,597,263.0,583.0,500.0,555.0,591.0,661.0,6,0.0,9.0,12.0,12.0,12.0,32.0,0,0.0,0.0,0.0,0.0,0.0,0.0
62,-19,-12,4,-36.0,-11,6,-21,-12,-12,-39.0,-17,6,-15,-10,5,-40.0,-31,10,-15,-9,5,-48.0,-32,10,-14,-10,19,-39.0,-29,10,-17,-8,9,-46.0,-32,11,-22,-4,-13,-42.0,-27,11,1039,975.0,932.0,1017.0,1065.0,1189.0,1135.0,2280,2235.0,2222.0,2332.0,2665.0,3067.0,2208.0,5878,5783.0,5907.0,5911.0,6076.0,6491.0,5377.0,1,2.0,0.0,2.0,4.0,0.0,1.0,796,834.0,814.0,910.0,945.0,995.0,809.0,10473,9112.0,8861.0,9829.0,9920.0,10927.0,9884.0,553,512.0,530.0,539.0,637.0,635.0,546.0,7,4.0,6.0,5.0,6.0,4.0,14.0,1003,752.0,908.0,1069.0,1126.0,1219.0,985.0,13389,14469.0,15070.0,15480.0,15764.0,17311.0,17551.0,888,901.0,973.0,936.0,1008.0,989.0,915.0,1491,38,32.0,24.0,26.0,22.0,17.0,8.0,1,7.0,2.0,3.0,0.0,3.0,0.0,0,1.0,2.0,2.0,1.0,0.0,1.0,0,1.0,0.0,1.0,2.0,0.0,1.0,230,360.0,389.0,374.0,289.0,267.0,165.0,91,98.0,131.0,109.0,99.0,124.0,116.0,0,1.0,0.0,0.0,0.0,3.0,3.0,1,7.0,4.0,14.0,5.0,11.0,14.0,219,198.0,174.0,176.0,234.0,287.0,312.0,12,13.0,10.0,14.0,14.0,15.0,30.0,141,152.0,106.0,137.0,128.0,213.0,74.0,60,58.0,97.0,58.0,76.0,76.0,75.0,551,583.0,500.0,555.0,591.0,661.0,454.0,9,9.0,12.0,12.0,12.0,32.0,19.0,0,0.0,0.0,0.0,0.0,0.0,0.0
65,-21,-12,-12,-39.0,-17,6,-15,-10,5,-40.0,-31,10,-15,-9,5,-48.0,-32,10,-14,-10,19,-39.0,-29,10,-17,-8,9,-46.0,-32,11,-22,-4,-13,-42.0,-27,11,-18,-8,6,-39.0,-11,5,1258,932.0,1017.0,1065.0,1189.0,1135.0,690.0,2641,2222.0,2332.0,2665.0,3067.0,2208.0,1696.0,6665,5907.0,5911.0,6076.0,6491.0,5377.0,3938.0,1,0.0,2.0,4.0,0.0,1.0,1.0,866,814.0,910.0,945.0,995.0,809.0,660.0,12841,8861.0,9829.0,9920.0,10927.0,9884.0,7982.0,838,530.0,539.0,637.0,635.0,546.0,468.0,8,6.0,5.0,6.0,4.0,14.0,4.0,965,908.0,1069.0,1126.0,1219.0,985.0,634.0,16921,15070.0,15480.0,15764.0,17311.0,17551.0,12353.0,996,973.0,936.0,1008.0,989.0,915.0,805.0,1253,32,24.0,26.0,22.0,17.0,8.0,4.0,5,2.0,3.0,0.0,3.0,0.0,0.0,2,2.0,2.0,1.0,0.0,1.0,0.0,1,0.0,1.0,2.0,0.0,1.0,0.0,254,389.0,374.0,289.0,267.0,165.0,79.0,137,131.0,109.0,99.0,124.0,116.0,31.0,1,0.0,0.0,0.0,3.0,3.0,1.0,2,4.0,14.0,5.0,11.0,14.0,9.0,228,174.0,176.0,234.0,287.0,312.0,197.0,15,10.0,14.0,14.0,15.0,30.0,11.0,127,106.0,137.0,128.0,213.0,74.0,85.0,76,97.0,58.0,76.0,76.0,75.0,71.0,670,500.0,555.0,591.0,661.0,454.0,286.0,17,12.0,12.0,12.0,32.0,19.0,2.0,0,0.0,0.0,0.0,0.0,0.0,0.0
67,-15,-10,5,-40.0,-31,10,-15,-9,5,-48.0,-32,10,-14,-10,19,-39.0,-29,10,-17,-8,9,-46.0,-32,11,-22,-4,-13,-42.0,-27,11,-18,-8,6,-39.0,-11,5,-25,-8,-16,-49.0,-16,5,1134,1017.0,1065.0,1189.0,1135.0,690.0,1006.0,1900,2332.0,2665.0,3067.0,2208.0,1696.0,2196.0,5641,5911.0,6076.0,6491.0,5377.0,3938.0,5564.0,0,2.0,4.0,0.0,1.0,1.0,4.0,680,910.0,945.0,995.0,809.0,660.0,787.0,13534,9829.0,9920.0,10927.0,9884.0,7982.0,9642.0,525,539.0,637.0,635.0,546.0,468.0,520.0,7,5.0,6.0,4.0,14.0,4.0,5.0,771,1069.0,1126.0,1219.0,985.0,634.0,985.0,16540,15480.0,15764.0,17311.0,17551.0,12353.0,13024.0,782,936.0,1008.0,989.0,915.0,805.0,790.0,712,16,26.0,22.0,17.0,8.0,4.0,31.0,1,3.0,0.0,3.0,0.0,0.0,3.0,1,2.0,1.0,0.0,1.0,0.0,0.0,1,1.0,2.0,0.0,1.0,0.0,0.0,132,374.0,289.0,267.0,165.0,79.0,332.0,101,109.0,99.0,124.0,116.0,31.0,71.0,0,0.0,0.0,3.0,3.0,1.0,2.0,3,14.0,5.0,11.0,14.0,9.0,4.0,202,176.0,234.0,287.0,312.0,197.0,221.0,8,14.0,14.0,15.0,30.0,11.0,12.0,140,137.0,128.0,213.0,74.0,85.0,139.0,68,58.0,76.0,76.0,75.0,71.0,49.0,336,555.0,591.0,661.0,454.0,286.0,619.0,7,12.0,12.0,32.0,19.0,2.0,4.0,0,0.0,0.0,0.0,0.0,0.0,0.0
59,-15,-9,5,-48.0,-32,10,-14,-10,19,-39.0,-29,10,-17,-8,9,-46.0,-32,11,-22,-4,-13,-42.0,-27,11,-18,-8,6,-39.0,-11,5,-25,-8,-16,-49.0,-16,5,-20,-15,4,-42.0,-31,10,309,1065.0,1189.0,1135.0,690.0,1006.0,1058.0,808,2665.0,3067.0,2208.0,1696.0,2196.0,2450.0,1893,6076.0,6491.0,5377.0,3938.0,5564.0,5912.0,0,4.0,0.0,1.0,1.0,4.0,2.0,425,945.0,995.0,809.0,660.0,787.0,777.0,4555,9920.0,10927.0,9884.0,7982.0,9642.0,9879.0,243,637.0,635.0,546.0,468.0,520.0,517.0,3,6.0,4.0,14.0,4.0,5.0,3.0,385,1126.0,1219.0,985.0,634.0,985.0,1097.0,6052,15764.0,17311.0,17551.0,12353.0,13024.0,13626.0,341,1008.0,989.0,915.0,805.0,790.0,969.0,623,2,22.0,17.0,8.0,4.0,31.0,26.0,0,0.0,3.0,0.0,0.0,3.0,1.0,1,1.0,0.0,1.0,0.0,0.0,0.0,1,2.0,0.0,1.0,0.0,0.0,1.0,36,289.0,267.0,165.0,79.0,332.0,347.0,31,99.0,124.0,116.0,31.0,71.0,88.0,0,0.0,3.0,3.0,1.0,2.0,0.0,2,5.0,11.0,14.0,9.0,4.0,4.0,98,234.0,287.0,312.0,197.0,221.0,240.0,12,14.0,15.0,30.0,11.0,12.0,17.0,51,128.0,213.0,74.0,85.0,139.0,132.0,43,76.0,76.0,75.0,71.0,49.0,53.0,143,591.0,661.0,454.0,286.0,619.0,517.0,0,12.0,32.0,19.0,2.0,4.0,10.0,0,0.0,0.0,0.0,0.0,0.0,0.0
63,-14,-10,19,-39.0,-29,10,-17,-8,9,-46.0,-32,11,-22,-4,-13,-42.0,-27,11,-18,-8,6,-39.0,-11,5,-25,-8,-16,-49.0,-16,5,-20,-15,4,-42.0,-31,10,-18,-8,-14,-40.0,-31,10,195,1189.0,1135.0,690.0,1006.0,1058.0,990.0,646,3067.0,2208.0,1696.0,2196.0,2450.0,2333.0,1537,6491.0,5377.0,3938.0,5564.0,5912.0,6036.0,0,0.0,1.0,1.0,4.0,2.0,4.0,448,995.0,809.0,660.0,787.0,777.0,829.0,3031,10927.0,9884.0,7982.0,9642.0,9879.0,9855.0,187,635.0,546.0,468.0,520.0,517.0,557.0,2,4.0,14.0,4.0,5.0,3.0,6.0,232,1219.0,985.0,634.0,985.0,1097.0,1034.0,5550,17311.0,17551.0,12353.0,13024.0,13626.0,13864.0,197,989.0,915.0,805.0,790.0,969.0,933.0,870,1,17.0,8.0,4.0,31.0,26.0,29.0,0,3.0,0.0,0.0,3.0,1.0,5.0,1,0.0,1.0,0.0,0.0,0.0,2.0,2,0.0,1.0,0.0,0.0,1.0,2.0,39,267.0,165.0,79.0,332.0,347.0,378.0,14,124.0,116.0,31.0,71.0,88.0,89.0,0,3.0,3.0,1.0,2.0,0.0,0.0,0,11.0,14.0,9.0,4.0,4.0,4.0,93,287.0,312.0,197.0,221.0,240.0,234.0,9,15.0,30.0,11.0,12.0,17.0,11.0,58,213.0,74.0,85.0,139.0,132.0,142.0,26,76.0,75.0,71.0,49.0,53.0,61.0,128,661.0,454.0,286.0,619.0,517.0,597.0,0,32.0,19.0,2.0,4.0,10.0,6.0,1,0.0,0.0,0.0,0.0,0.0,0.0
62,-17,-8,9,-46.0,-32,11,-22,-4,-13,-42.0,-27,11,-18,-8,6,-39.0,-11,5,-25,-8,-16,-49.0,-16,5,-20,-15,4,-42.0,-31,10,-18,-8,-14,-40.0,-31,10,-17,-8,-23,-32.0,-30,11,456,1135.0,690.0,1006.0,1058.0,990.0,1039.0,1175,2208.0,1696.0,2196.0,2450.0,2333.0,2280.0,2540,5377.0,3938.0,5564.0,5912.0,6036.0,5878.0,2,1.0,1.0,4.0,2.0,4.0,1.0,517,809.0,660.0,787.0,777.0,829.0,796.0,5449,9884.0,7982.0,9642.0,9879.0,9855.0,10473.0,358,546.0,468.0,520.0,517.0,557.0,553.0,5,14.0,4.0,5.0,3.0,6.0,7.0,420,985.0,634.0,985.0,1097.0,1034.0,1003.0,7225,17551.0,12353.0,13024.0,13626.0,13864.0,13389.0,264,915.0,805.0,790.0,969.0,933.0,888.0,568,6,8.0,4.0,31.0,26.0,29.0,38.0,0,0.0,0.0,3.0,1.0,5.0,1.0,0,1.0,0.0,0.0,0.0,2.0,0.0,0,1.0,0.0,0.0,1.0,2.0,0.0,42,165.0,79.0,332.0,347.0,378.0,230.0,21,116.0,31.0,71.0,88.0,89.0,91.0,0,3.0,1.0,2.0,0.0,0.0,0.0,0,14.0,9.0,4.0,4.0,4.0,1.0,194,312.0,197.0,221.0,240.0,234.0,219.0,8,30.0,11.0,12.0,17.0,11.0,12.0,103,74.0,85.0,139.0,132.0,142.0,141.0,30,75.0,71.0,49.0,53.0,61.0,60.0,228,454.0,286.0,619.0,517.0,597.0,551.0,0,19.0,2.0,4.0,10.0,6.0,9.0,0,0.0,0.0,0.0,0.0,0.0,0.0
66,-22,-4,-13,-42.0,-27,11,-18,-8,6,-39.0,-11,5,-25,-8,-16,-49.0,-16,5,-20,-15,4,-42.0,-31,10,-18,-8,-14,-40.0,-31,10,-17,-8,-23,-32.0,-30,11,-21,-7,-44,-49.0,-34,14,471,690.0,1006.0,1058.0,990.0,1039.0,1258.0,961,1696.0,2196.0,2450.0,2333.0,2280.0,2641.0,1937,3938.0,5564.0,5912.0,6036.0,5878.0,6665.0,0,1.0,4.0,2.0,4.0,1.0,1.0,468,660.0,787.0,777.0,829.0,796.0,866.0,4833,7982.0,9642.0,9879.0,9855.0,10473.0,12841.0,239,468.0,520.0,517.0,557.0,553.0,838.0,7,4.0,5.0,3.0,6.0,7.0,8.0,366,634.0,985.0,1097.0,1034.0,1003.0,965.0,7415,12353.0,13024.0,13626.0,13864.0,13389.0,16921.0,222,805.0,790.0,969.0,933.0,888.0,996.0,561,5,4.0,31.0,26.0,29.0,38.0,32.0,0,0.0,3.0,1.0,5.0,1.0,5.0,0,0.0,0.0,0.0,2.0,0.0,2.0,1,0.0,0.0,1.0,2.0,0.0,1.0,45,79.0,332.0,347.0,378.0,230.0,254.0,6,31.0,71.0,88.0,89.0,91.0,137.0,0,1.0,2.0,0.0,0.0,0.0,1.0,1,9.0,4.0,4.0,4.0,1.0,2.0,119,197.0,221.0,240.0,234.0,219.0,228.0,10,11.0,12.0,17.0,11.0,12.0,15.0,72,85.0,139.0,132.0,142.0,141.0,127.0,29,71.0,49.0,53.0,61.0,60.0,76.0,156,286.0,619.0,517.0,597.0,551.0,670.0,1,2.0,4.0,10.0,6.0,9.0,17.0,0,0.0,0.0,0.0,0.0,0.0,0.0
65,-18,-8,6,-39.0,-11,5,-25,-8,-16,-49.0,-16,5,-20,-15,4,-42.0,-31,10,-18,-8,-14,-40.0,-31,10,-17,-8,-23,-32.0,-30,11,-21,-7,-44,-49.0,-34,14,-19,7,81,-42.0,-31,15,766,1006.0,1058.0,990.0,1039.0,1258.0,1134.0,1414,2196.0,2450.0,2333.0,2280.0,2641.0,1900.0,3083,5564.0,5912.0,6036.0,5878.0,6665.0,5641.0,4,4.0,2.0,4.0,1.0,1.0,0.0,572,787.0,777.0,829.0,796.0,866.0,680.0,6846,9642.0,9879.0,9855.0,10473.0,12841.0,13534.0,291,520.0,517.0,557.0,553.0,838.0,525.0,4,5.0,3.0,6.0,7.0,8.0,7.0,656,985.0,1097.0,1034.0,1003.0,965.0,771.0,9002,13024.0,13626.0,13864.0,13389.0,16921.0,16540.0,487,790.0,969.0,933.0,888.0,996.0,782.0,581,6,31.0,26.0,29.0,38.0,32.0,16.0,0,3.0,1.0,5.0,1.0,5.0,1.0,0,0.0,0.0,2.0,0.0,2.0,1.0,0,0.0,1.0,2.0,0.0,1.0,1.0,29,332.0,347.0,378.0,230.0,254.0,132.0,18,71.0,88.0,89.0,91.0,137.0,101.0,1,2.0,0.0,0.0,0.0,1.0,0.0,3,4.0,4.0,4.0,1.0,2.0,3.0,170,221.0,240.0,234.0,219.0,228.0,202.0,16,12.0,17.0,11.0,12.0,15.0,8.0,49,139.0,132.0,142.0,141.0,127.0,140.0,13,49.0,53.0,61.0,60.0,76.0,68.0,176,619.0,517.0,597.0,551.0,670.0,336.0,3,4.0,10.0,6.0,9.0,17.0,7.0,0,0.0,0.0,0.0,0.0,0.0,0.0
64,-25,-8,-16,-49.0,-16,5,-20,-15,4,-42.0,-31,10,-18,-8,-14,-40.0,-31,10,-17,-8,-23,-32.0,-30,11,-21,-7,-44,-49.0,-34,14,-19,7,81,-42.0,-31,15,-22,3,102,-45.0,-15,11,1021,1058.0,990.0,1039.0,1258.0,1134.0,309.0,2046,2450.0,2333.0,2280.0,2641.0,1900.0,808.0,5113,5912.0,6036.0,5878.0,6665.0,5641.0,1893.0,3,2.0,4.0,1.0,1.0,0.0,0.0,834,777.0,829.0,796.0,866.0,680.0,425.0,9527,9879.0,9855.0,10473.0,12841.0,13534.0,4555.0,680,517.0,557.0,553.0,838.0,525.0,243.0,3,3.0,6.0,7.0,8.0,7.0,3.0,893,1097.0,1034.0,1003.0,965.0,771.0,385.0,14210,13626.0,13864.0,13389.0,16921.0,16540.0,6052.0,824,969.0,933.0,888.0,996.0,782.0,341.0,668,31,26.0,29.0,38.0,32.0,16.0,2.0,4,1.0,5.0,1.0,5.0,1.0,0.0,0,0.0,2.0,0.0,2.0,1.0,1.0,1,1.0,2.0,0.0,1.0,1.0,1.0,28,347.0,378.0,230.0,254.0,132.0,36.0,54,88.0,89.0,91.0,137.0,101.0,31.0,1,0.0,0.0,0.0,1.0,0.0,0.0,7,4.0,4.0,1.0,2.0,3.0,2.0,237,240.0,234.0,219.0,228.0,202.0,98.0,13,17.0,11.0,12.0,15.0,8.0,12.0,126,132.0,142.0,141.0,127.0,140.0,51.0,91,53.0,61.0,60.0,76.0,68.0,43.0,481,517.0,597.0,551.0,670.0,336.0,143.0,16,10.0,6.0,9.0,17.0,7.0,0.0,1,0.0,0.0,0.0,0.0,0.0,0.0
62,-20,-15,4,-42.0,-31,10,-18,-8,-14,-40.0,-31,10,-17,-8,-23,-32.0,-30,11,-21,-7,-44,-49.0,-34,14,-19,7,81,-42.0,-31,15,-22,3,102,-45.0,-15,11,-67,-47,-76,-69.0,-50,19,1153,990.0,1039.0,1258.0,1134.0,309.0,195.0,2252,2333.0,2280.0,2641.0,1900.0,808.0,646.0,6201,6036.0,5878.0,6665.0,5641.0,1893.0,1537.0,1,4.0,1.0,1.0,0.0,0.0,0.0,861,829.0,796.0,866.0,680.0,425.0,448.0,11092,9855.0,10473.0,12841.0,13534.0,4555.0,3031.0,674,557.0,553.0,838.0,525.0,243.0,187.0,10,6.0,7.0,8.0,7.0,3.0,2.0,1048,1034.0,1003.0,965.0,771.0,385.0,232.0,19533,13864.0,13389.0,16921.0,16540.0,6052.0,5550.0,899,933.0,888.0,996.0,782.0,341.0,197.0,831,22,29.0,38.0,32.0,16.0,2.0,1.0,6,5.0,1.0,5.0,1.0,0.0,0.0,2,2.0,0.0,2.0,1.0,1.0,1.0,1,2.0,0.0,1.0,1.0,1.0,2.0,77,378.0,230.0,254.0,132.0,36.0,39.0,58,89.0,91.0,137.0,101.0,31.0,14.0,1,0.0,0.0,1.0,0.0,0.0,0.0,10,4.0,1.0,2.0,3.0,2.0,0.0,318,234.0,219.0,228.0,202.0,98.0,93.0,28,11.0,12.0,15.0,8.0,12.0,9.0,115,142.0,141.0,127.0,140.0,51.0,58.0,96,61.0,60.0,76.0,68.0,43.0,26.0,384,597.0,551.0,670.0,336.0,143.0,128.0,21,6.0,9.0,17.0,7.0,0.0,0.0,0,0.0,0.0,0.0,0.0,0.0,1.0
68,-18,-8,-14,-40.0,-31,10,-17,-8,-23,-32.0,-30,11,-21,-7,-44,-49.0,-34,14,-19,7,81,-42.0,-31,15,-22,3,102,-45.0,-15,11,-67,-47,-76,-69.0,-50,19,-81,-66,-36,-77.0,-90,35,852,1039.0,1258.0,1134.0,309.0,195.0,456.0,1898,2280.0,2641.0,1900.0,808.0,646.0,1175.0,4733,5878.0,6665.0,5641.0,1893.0,1537.0,2540.0,0,1.0,1.0,0.0,0.0,0.0,2.0,777,796.0,866.0,680.0,425.0,448.0,517.0,10030,10473.0,12841.0,13534.0,4555.0,3031.0,5449.0,581,553.0,838.0,525.0,243.0,187.0,358.0,5,7.0,8.0,7.0,3.0,2.0,5.0,860,1003.0,965.0,771.0,385.0,232.0,420.0,15699,13389.0,16921.0,16540.0,6052.0,5550.0,7225.0,866,888.0,996.0,782.0,341.0,197.0,264.0,832,8,38.0,32.0,16.0,2.0,1.0,6.0,0,1.0,5.0,1.0,0.0,0.0,0.0,0,0.0,2.0,1.0,1.0,1.0,0.0,2,0.0,1.0,1.0,1.0,2.0,0.0,80,230.0,254.0,132.0,36.0,39.0,42.0,43,91.0,137.0,101.0,31.0,14.0,21.0,1,0.0,1.0,0.0,0.0,0.0,0.0,7,1.0,2.0,3.0,2.0,0.0,0.0,241,219.0,228.0,202.0,98.0,93.0,194.0,19,12.0,15.0,8.0,12.0,9.0,8.0,81,141.0,127.0,140.0,51.0,58.0,103.0,56,60.0,76.0,68.0,43.0,26.0,30.0,413,551.0,670.0,336.0,143.0,128.0,228.0,2,9.0,17.0,7.0,0.0,0.0,0.0,0,0.0,0.0,0.0,0.0,1.0,0.0
64,-17,-8,-23,-32.0,-30,11,-21,-7,-44,-49.0,-34,14,-19,7,81,-42.0,-31,15,-22,3,102,-45.0,-15,11,-67,-47,-76,-69.0,-50,19,-81,-66,-36,-77.0,-90,35,-65,-26,-58,-42.067796610169495,-85,29,1190,1258.0,1134.0,309.0,195.0,456.0,471.0,2583,2641.0,1900.0,808.0,646.0,1175.0,961.0,6441,6665.0,5641.0,1893.0,1537.0,2540.0,1937.0,3,1.0,0.0,0.0,0.0,2.0,0.0,909,866.0,680.0,425.0,448.0,517.0,468.0,11099,12841.0,13534.0,4555.0,3031.0,5449.0,4833.0,579,838.0,525.0,243.0,187.0,358.0,239.0,5,8.0,7.0,3.0,2.0,5.0,7.0,1195,965.0,771.0,385.0,232.0,420.0,366.0,14209,16921.0,16540.0,6052.0,5550.0,7225.0,7415.0,999,996.0,782.0,341.0,197.0,264.0,222.0,1044,39,32.0,16.0,2.0,1.0,6.0,5.0,6,5.0,1.0,0.0,0.0,0.0,0.0,1,2.0,1.0,1.0,1.0,0.0,0.0,2,1.0,1.0,1.0,2.0,0.0,1.0,165,254.0,132.0,36.0,39.0,42.0,45.0,94,137.0,101.0,31.0,14.0,21.0,6.0,1,1.0,0.0,0.0,0.0,0.0,0.0,5,2.0,3.0,2.0,0.0,0.0,1.0,237,228.0,202.0,98.0,93.0,194.0,119.0,18,15.0,8.0,12.0,9.0,8.0,10.0,135,127.0,140.0,51.0,58.0,103.0,72.0,72,76.0,68.0,43.0,26.0,30.0,29.0,743,670.0,336.0,143.0,128.0,228.0,156.0,8,17.0,7.0,0.0,0.0,0.0,1.0,1,0.0,0.0,0.0,1.0,0.0,0.0
53,-21,-7,-44,-49.0,-34,14,-19,7,81,-42.0,-31,15,-22,3,102,-45.0,-15,11,-67,-47,-76,-69.0,-50,19,-81,-66,-36,-77.0,-90,35,-65,-26,-58,-42.559322033898304,-85,29,-70,-41,-72,-80.0,-86,34,1188,1134.0,309.0,195.0,456.0,471.0,766.0,2682,1900.0,808.0,646.0,1175.0,961.0,1414.0,6317,5641.0,1893.0,1537.0,2540.0,1937.0,3083.0,3,0.0,0.0,0.0,2.0,0.0,4.0,932,680.0,425.0,448.0,517.0,468.0,572.0,10370,13534.0,4555.0,3031.0,5449.0,4833.0,6846.0,638,525.0,243.0,187.0,358.0,239.0,291.0,14,7.0,3.0,2.0,5.0,7.0,4.0,1231,771.0,385.0,232.0,420.0,366.0,656.0,14149,16540.0,6052.0,5550.0,7225.0,7415.0,9002.0,1001,782.0,341.0,197.0,264.0,222.0,487.0,1422,26,16.0,2.0,1.0,6.0,5.0,6.0,2,1.0,0.0,0.0,0.0,0.0,0.0,0,1.0,1.0,1.0,0.0,0.0,0.0,1,1.0,1.0,2.0,0.0,1.0,0.0,142,132.0,36.0,39.0,42.0,45.0,29.0,113,101.0,31.0,14.0,21.0,6.0,18.0,0,0.0,0.0,0.0,0.0,0.0,1.0,4,3.0,2.0,0.0,0.0,1.0,3.0,235,202.0,98.0,93.0,194.0,119.0,170.0,14,8.0,12.0,9.0,8.0,10.0,16.0,149,140.0,51.0,58.0,103.0,72.0,49.0,75,68.0,43.0,26.0,30.0,29.0,13.0,738,336.0,143.0,128.0,228.0,156.0,176.0,7,7.0,0.0,0.0,0.0,1.0,3.0,2,0.0,0.0,1.0,0.0,0.0,0.0
53,-19,7,81,-42.0,-31,15,-22,3,102,-45.0,-15,11,-67,-47,-76,-69.0,-50,19,-81,-66,-36,-77.0,-90,35,-65,-26,-58,-42.76271186440678,-85,29,-70,-41,-72,-80.0,-86,34,-44,-27,-64,-79.0,-76,31,1281,309.0,195.0,456.0,471.0,766.0,1021.0,2777,808.0,646.0,1175.0,961.0,1414.0,2046.0,6830,1893.0,1537.0,2540.0,1937.0,3083.0,5113.0,0,0.0,0.0,2.0,0.0,4.0,3.0,927,425.0,448.0,517.0,468.0,572.0,834.0,10587,4555.0,3031.0,5449.0,4833.0,6846.0,9527.0,625,243.0,187.0,358.0,239.0,291.0,680.0,9,3.0,2.0,5.0,7.0,4.0,3.0,1162,385.0,232.0,420.0,366.0,656.0,893.0,14953,6052.0,5550.0,7225.0,7415.0,9002.0,14210.0,999,341.0,197.0,264.0,222.0,487.0,824.0,1779,38,2.0,1.0,6.0,5.0,6.0,31.0,3,0.0,0.0,0.0,0.0,0.0,4.0,1,1.0,1.0,0.0,0.0,0.0,0.0,1,1.0,2.0,0.0,1.0,0.0,1.0,286,36.0,39.0,42.0,45.0,29.0,28.0,108,31.0,14.0,21.0,6.0,18.0,54.0,0,0.0,0.0,0.0,0.0,1.0,1.0,2,2.0,0.0,0.0,1.0,3.0,7.0,258,98.0,93.0,194.0,119.0,170.0,237.0,21,12.0,9.0,8.0,10.0,16.0,13.0,168,51.0,58.0,103.0,72.0,49.0,126.0,81,43.0,26.0,30.0,29.0,13.0,91.0,680,143.0,128.0,228.0,156.0,176.0,481.0,10,0.0,0.0,0.0,1.0,3.0,16.0,0,0.0,1.0,0.0,0.0,0.0,1.0
62,-22,3,102,-45.0,-15,11,-67,-47,-76,-69.0,-50,19,-81,-66,-36,-77.0,-90,35,-65,-26,-58,-42.49152542372882,-85,29,-70,-41,-72,-80.0,-86,34,-44,-27,-64,-79.0,-76,31,-26,-10,-50,-65.0,-57,25,1214,195.0,456.0,471.0,766.0,1021.0,1153.0,2640,646.0,1175.0,961.0,1414.0,2046.0,2252.0,6354,1537.0,2540.0,1937.0,3083.0,5113.0,6201.0,3,0.0,2.0,0.0,4.0,3.0,1.0,878,448.0,517.0,468.0,572.0,834.0,861.0,10028,3031.0,5449.0,4833.0,6846.0,9527.0,11092.0,639,187.0,358.0,239.0,291.0,680.0,674.0,13,2.0,5.0,7.0,4.0,3.0,10.0,1204,232.0,420.0,366.0,656.0,893.0,1048.0,14725,5550.0,7225.0,7415.0,9002.0,14210.0,19533.0,1015,197.0,264.0,222.0,487.0,824.0,899.0,1616,27,1.0,6.0,5.0,6.0,31.0,22.0,4,0.0,0.0,0.0,0.0,4.0,6.0,0,1.0,0.0,0.0,0.0,0.0,2.0,0,2.0,0.0,1.0,0.0,1.0,1.0,237,39.0,42.0,45.0,29.0,28.0,77.0,125,14.0,21.0,6.0,18.0,54.0,58.0,1,0.0,0.0,0.0,1.0,1.0,1.0,4,0.0,0.0,1.0,3.0,7.0,10.0,271,93.0,194.0,119.0,170.0,237.0,318.0,27,9.0,8.0,10.0,16.0,13.0,28.0,258,58.0,103.0,72.0,49.0,126.0,115.0,100,26.0,30.0,29.0,13.0,91.0,96.0,643,128.0,228.0,156.0,176.0,481.0,384.0,15,0.0,0.0,1.0,3.0,16.0,21.0,0,1.0,0.0,0.0,0.0,1.0,0.0
58,-67,-47,-76,-69.0,-50,19,-81,-66,-36,-77.0,-90,35,-65,-26,-58,-42.440677966101696,-85,29,-70,-41,-72,-80.0,-86,34,-44,-27,-64,-79.0,-76,31,-26,-10,-50,-65.0,-57,25,-16,-9,-5,-43.0,-6,7,1448,456.0,471.0,766.0,1021.0,1153.0,852.0,3021,1175.0,961.0,1414.0,2046.0,2252.0,1898.0,7203,2540.0,1937.0,3083.0,5113.0,6201.0,4733.0,1,2.0,0.0,4.0,3.0,1.0,0.0,1196,517.0,468.0,572.0,834.0,861.0,777.0,11300,5449.0,4833.0,6846.0,9527.0,11092.0,10030.0,894,358.0,239.0,291.0,680.0,674.0,581.0,11,5.0,7.0,4.0,3.0,10.0,5.0,1282,420.0,366.0,656.0,893.0,1048.0,860.0,18069,7225.0,7415.0,9002.0,14210.0,19533.0,15699.0,1078,264.0,222.0,487.0,824.0,899.0,866.0,1418,39,6.0,5.0,6.0,31.0,22.0,8.0,3,0.0,0.0,0.0,4.0,6.0,0.0,1,0.0,0.0,0.0,0.0,2.0,0.0,0,0.0,1.0,0.0,1.0,1.0,2.0,207,42.0,45.0,29.0,28.0,77.0,80.0,128,21.0,6.0,18.0,54.0,58.0,43.0,1,0.0,0.0,1.0,1.0,1.0,1.0,7,0.0,1.0,3.0,7.0,10.0,7.0,278,194.0,119.0,170.0,237.0,318.0,241.0,27,8.0,10.0,16.0,13.0,28.0,19.0,321,103.0,72.0,49.0,126.0,115.0,81.0,122,30.0,29.0,13.0,91.0,96.0,56.0,753,228.0,156.0,176.0,481.0,384.0,413.0,37,0.0,1.0,3.0,16.0,21.0,2.0,0,0.0,0.0,0.0,1.0,0.0,0.0
56,-81,-66,-36,-77.0,-90,35,-65,-26,-58,-43.067796610169495,-85,29,-70,-41,-72,-80.0,-86,34,-44,-27,-64,-79.0,-76,31,-26,-10,-50,-65.0,-57,25,-16,-9,-5,-43.0,-6,7,-14,-10,-20,-42.0,-14,7,1122,471.0,766.0,1021.0,1153.0,852.0,1190.0,2494,961.0,1414.0,2046.0,2252.0,1898.0,2583.0,6102,1937.0,3083.0,5113.0,6201.0,4733.0,6441.0,0,0.0,4.0,3.0,1.0,0.0,3.0,866,468.0,572.0,834.0,861.0,777.0,909.0,10355,4833.0,6846.0,9527.0,11092.0,10030.0,11099.0,653,239.0,291.0,680.0,674.0,581.0,579.0,17,7.0,4.0,3.0,10.0,5.0,5.0,1073,366.0,656.0,893.0,1048.0,860.0,1195.0,19464,7415.0,9002.0,14210.0,19533.0,15699.0,14209.0,1331,222.0,487.0,824.0,899.0,866.0,999.0,722,15,5.0,6.0,31.0,22.0,8.0,39.0,1,0.0,0.0,4.0,6.0,0.0,6.0,6,0.0,0.0,0.0,2.0,0.0,1.0,1,1.0,0.0,1.0,1.0,2.0,2.0,123,45.0,29.0,28.0,77.0,80.0,165.0,74,6.0,18.0,54.0,58.0,43.0,94.0,4,0.0,1.0,1.0,1.0,1.0,1.0,2,1.0,3.0,7.0,10.0,7.0,5.0,279,119.0,170.0,237.0,318.0,241.0,237.0,18,10.0,16.0,13.0,28.0,19.0,18.0,275,72.0,49.0,126.0,115.0,81.0,135.0,110,29.0,13.0,91.0,96.0,56.0,72.0,516,156.0,176.0,481.0,384.0,413.0,743.0,17,1.0,3.0,16.0,21.0,2.0,8.0,0,0.0,0.0,1.0,0.0,0.0,1.0
55,-65,-26,-58,-43.271186440677965,-85,29,-70,-41,-72,-80.0,-86,34,-44,-27,-64,-79.0,-76,31,-26,-10,-50,-65.0,-57,25,-16,-9,-5,-43.0,-6,7,-14,-10,-20,-42.0,-14,7,-8,-5,4,-34.0,-32,9,892,766.0,1021.0,1153.0,852.0,1190.0,1188.0,1766,1414.0,2046.0,2252.0,1898.0,2583.0,2682.0,4384,3083.0,5113.0,6201.0,4733.0,6441.0,6317.0,0,4.0,3.0,1.0,0.0,3.0,3.0,621,572.0,834.0,861.0,777.0,909.0,932.0,8665,6846.0,9527.0,11092.0,10030.0,11099.0,10370.0,593,291.0,680.0,674.0,581.0,579.0,638.0,3,4.0,3.0,10.0,5.0,5.0,14.0,808,656.0,893.0,1048.0,860.0,1195.0,1231.0,15101,9002.0,14210.0,19533.0,15699.0,14209.0,14149.0,959,487.0,824.0,899.0,866.0,999.0,1001.0,1233,11,6.0,31.0,22.0,8.0,39.0,26.0,0,0.0,4.0,6.0,0.0,6.0,2.0,0,0.0,0.0,2.0,0.0,1.0,0.0,0,0.0,1.0,1.0,2.0,2.0,1.0,118,29.0,28.0,77.0,80.0,165.0,142.0,48,18.0,54.0,58.0,43.0,94.0,113.0,0,1.0,1.0,1.0,1.0,1.0,0.0,2,3.0,7.0,10.0,7.0,5.0,4.0,237,170.0,237.0,318.0,241.0,237.0,235.0,22,16.0,13.0,28.0,19.0,18.0,14.0,106,49.0,126.0,115.0,81.0,135.0,149.0,65,13.0,91.0,96.0,56.0,72.0,75.0,391,176.0,481.0,384.0,413.0,743.0,738.0,1,3.0,16.0,21.0,2.0,8.0,7.0,0,0.0,1.0,0.0,0.0,1.0,2.0
53,-70,-41,-72,-80.0,-86,34,-44,-27,-64,-79.0,-76,31,-26,-10,-50,-65.0,-57,25,-16,-9,-5,-43.0,-6,7,-14,-10,-20,-42.0,-14,7,-8,-5,4,-34.0,-32,9,-11,-7,6,-42.0,-33,9,1037,1021.0,1153.0,852.0,1190.0,1188.0,1281.0,2454,2046.0,2252.0,1898.0,2583.0,2682.0,2777.0,6040,5113.0,6201.0,4733.0,6441.0,6317.0,6830.0,1,3.0,1.0,0.0,3.0,3.0,0.0,815,834.0,861.0,777.0,909.0,932.0,927.0,10090,9527.0,11092.0,10030.0,11099.0,10370.0,10587.0,574,680.0,674.0,581.0,579.0,638.0,625.0,10,3.0,10.0,5.0,5.0,14.0,9.0,1001,893.0,1048.0,860.0,1195.0,1231.0,1162.0,13503,14210.0,19533.0,15699.0,14209.0,14149.0,14953.0,894,824.0,899.0,866.0,999.0,1001.0,999.0,1484,39,31.0,22.0,8.0,39.0,26.0,38.0,5,4.0,6.0,0.0,6.0,2.0,3.0,0,0.0,2.0,0.0,1.0,0.0,1.0,0,1.0,1.0,2.0,2.0,1.0,1.0,230,28.0,77.0,80.0,165.0,142.0,286.0,110,54.0,58.0,43.0,94.0,113.0,108.0,0,1.0,1.0,1.0,1.0,0.0,0.0,3,7.0,10.0,7.0,5.0,4.0,2.0,228,237.0,318.0,241.0,237.0,235.0,258.0,17,13.0,28.0,19.0,18.0,14.0,21.0,212,126.0,115.0,81.0,135.0,149.0,168.0,61,91.0,96.0,56.0,72.0,75.0,81.0,692,481.0,384.0,413.0,743.0,738.0,680.0,9,16.0,21.0,2.0,8.0,7.0,10.0,0,1.0,0.0,0.0,1.0,2.0,0.0
51,-44,-27,-64,-79.0,-76,31,-26,-10,-50,-65.0,-57,25,-16,-9,-5,-43.0,-6,7,-14,-10,-20,-42.0,-14,7,-8,-5,4,-34.0,-32,9,-11,-7,6,-42.0,-33,9,-9,-13,26,-31.0,-30,8,1175,1153.0,852.0,1190.0,1188.0,1281.0,1214.0,2570,2252.0,1898.0,2583.0,2682.0,2777.0,2640.0,6770,6201.0,4733.0,6441.0,6317.0,6830.0,6354.0,1,1.0,0.0,3.0,3.0,0.0,3.0,984,861.0,777.0,909.0,932.0,927.0,878.0,10607,11092.0,10030.0,11099.0,10370.0,10587.0,10028.0,678,674.0,581.0,579.0,638.0,625.0,639.0,11,10.0,5.0,5.0,14.0,9.0,13.0,1163,1048.0,860.0,1195.0,1231.0,1162.0,1204.0,15964,19533.0,15699.0,14209.0,14149.0,14953.0,14725.0,960,899.0,866.0,999.0,1001.0,999.0,1015.0,1563,31,22.0,8.0,39.0,26.0,38.0,27.0,4,6.0,0.0,6.0,2.0,3.0,4.0,0,2.0,0.0,1.0,0.0,1.0,0.0,1,1.0,2.0,2.0,1.0,1.0,0.0,163,77.0,80.0,165.0,142.0,286.0,237.0,113,58.0,43.0,94.0,113.0,108.0,125.0,0,1.0,1.0,1.0,0.0,0.0,1.0,11,10.0,7.0,5.0,4.0,2.0,4.0,244,318.0,241.0,237.0,235.0,258.0,271.0,18,28.0,19.0,18.0,14.0,21.0,27.0,186,115.0,81.0,135.0,149.0,168.0,258.0,68,96.0,56.0,72.0,75.0,81.0,100.0,731,384.0,413.0,743.0,738.0,680.0,643.0,7,21.0,2.0,8.0,7.0,10.0,15.0,0,0.0,0.0,1.0,2.0,0.0,0.0
48,-26,-10,-50,-65.0,-57,25,-16,-9,-5,-43.0,-6,7,-14,-10,-20,-42.0,-14,7,-8,-5,4,-34.0,-32,9,-11,-7,6,-42.0,-33,9,-9,-13,26,-31.0,-30,8,-15,-15,-15,-50.0,-34,11,1227,852.0,1190.0,1188.0,1281.0,1214.0,1448.0,2751,1898.0,2583.0,2682.0,2777.0,2640.0,3021.0,6632,4733.0,6441.0,6317.0,6830.0,6354.0,7203.0,3,0.0,3.0,3.0,0.0,3.0,1.0,998,777.0,909.0,932.0,927.0,878.0,1196.0,10583,10030.0,11099.0,10370.0,10587.0,10028.0,11300.0,687,581.0,579.0,638.0,625.0,639.0,894.0,11,5.0,5.0,14.0,9.0,13.0,11.0,1069,860.0,1195.0,1231.0,1162.0,1204.0,1282.0,14980,15699.0,14209.0,14149.0,14953.0,14725.0,18069.0,999,866.0,999.0,1001.0,999.0,1015.0,1078.0,1914,28,8.0,39.0,26.0,38.0,27.0,39.0,1,0.0,6.0,2.0,3.0,4.0,3.0,4,0.0,1.0,0.0,1.0,0.0,1.0,0,2.0,2.0,1.0,1.0,0.0,0.0,269,80.0,165.0,142.0,286.0,237.0,207.0,119,43.0,94.0,113.0,108.0,125.0,128.0,1,1.0,1.0,0.0,0.0,1.0,1.0,10,7.0,5.0,4.0,2.0,4.0,7.0,284,241.0,237.0,235.0,258.0,271.0,278.0,19,19.0,18.0,14.0,21.0,27.0,27.0,271,81.0,135.0,149.0,168.0,258.0,321.0,90,56.0,72.0,75.0,81.0,100.0,122.0,669,413.0,743.0,738.0,680.0,643.0,753.0,11,2.0,8.0,7.0,10.0,15.0,37.0,0,0.0,1.0,2.0,0.0,0.0,0.0
49,-16,-9,-5,-43.0,-6,7,-14,-10,-20,-42.0,-14,7,-8,-5,4,-34.0,-32,9,-11,-7,6,-42.0,-33,9,-9,-13,26,-31.0,-30,8,-15,-15,-15,-50.0,-34,11,-16,-6,-4,-39.0,-27,10,1234,1190.0,1188.0,1281.0,1214.0,1448.0,1122.0,2667,2583.0,2682.0,2777.0,2640.0,3021.0,2494.0,6770,6441.0,6317.0,6830.0,6354.0,7203.0,6102.0,0,3.0,3.0,0.0,3.0,1.0,0.0,1076,909.0,932.0,927.0,878.0,1196.0,866.0,10657,11099.0,10370.0,10587.0,10028.0,11300.0,10355.0,709,579.0,638.0,625.0,639.0,894.0,653.0,5,5.0,14.0,9.0,13.0,11.0,17.0,1114,1195.0,1231.0,1162.0,1204.0,1282.0,1073.0,15842,14209.0,14149.0,14953.0,14725.0,18069.0,19464.0,1025,999.0,1001.0,999.0,1015.0,1078.0,1331.0,1747,27,39.0,26.0,38.0,27.0,39.0,15.0,3,6.0,2.0,3.0,4.0,3.0,1.0,1,1.0,0.0,1.0,0.0,1.0,6.0,2,2.0,1.0,1.0,0.0,0.0,1.0,188,165.0,142.0,286.0,237.0,207.0,123.0,122,94.0,113.0,108.0,125.0,128.0,74.0,0,1.0,0.0,0.0,1.0,1.0,4.0,5,5.0,4.0,2.0,4.0,7.0,2.0,243,237.0,235.0,258.0,271.0,278.0,279.0,17,18.0,14.0,21.0,27.0,27.0,18.0,294,135.0,149.0,168.0,258.0,321.0,275.0,98,72.0,75.0,81.0,100.0,122.0,110.0,644,743.0,738.0,680.0,643.0,753.0,516.0,11,8.0,7.0,10.0,15.0,37.0,17.0,0,1.0,2.0,0.0,0.0,0.0,0.0
42,-14,-10,-20,-42.0,-14,7,-8,-5,4,-34.0,-32,9,-11,-7,6,-42.0,-33,9,-9,-13,26,-31.0,-30,8,-15,-15,-15,-50.0,-34,11,-16,-6,-4,-39.0,-27,10,-15,-13,2,-25.0,-5,3,1509,1188.0,1281.0,1214.0,1448.0,1122.0,892.0,3273,2682.0,2777.0,2640.0,3021.0,2494.0,1766.0,7311,6317.0,6830.0,6354.0,7203.0,6102.0,4384.0,0,3.0,0.0,3.0,1.0,0.0,0.0,1220,932.0,927.0,878.0,1196.0,866.0,621.0,12150,10370.0,10587.0,10028.0,11300.0,10355.0,8665.0,961,638.0,625.0,639.0,894.0,653.0,593.0,9,14.0,9.0,13.0,11.0,17.0,3.0,1387,1231.0,1162.0,1204.0,1282.0,1073.0,808.0,19407,14149.0,14953.0,14725.0,18069.0,19464.0,15101.0,1246,1001.0,999.0,1015.0,1078.0,1331.0,959.0,1633,41,26.0,38.0,27.0,39.0,15.0,11.0,6,2.0,3.0,4.0,3.0,1.0,0.0,0,0.0,1.0,0.0,1.0,6.0,0.0,0,1.0,1.0,0.0,0.0,1.0,0.0,226,142.0,286.0,237.0,207.0,123.0,118.0,149,113.0,108.0,125.0,128.0,74.0,48.0,2,0.0,0.0,1.0,1.0,4.0,0.0,7,4.0,2.0,4.0,7.0,2.0,2.0,297,235.0,258.0,271.0,278.0,279.0,237.0,22,14.0,21.0,27.0,27.0,18.0,22.0,312,149.0,168.0,258.0,321.0,275.0,106.0,134,75.0,81.0,100.0,122.0,110.0,65.0,830,738.0,680.0,643.0,753.0,516.0,391.0,51,7.0,10.0,15.0,37.0,17.0,1.0,0,2.0,0.0,0.0,0.0,0.0,0.0
42,-8,-5,4,-34.0,-32,9,-11,-7,6,-42.0,-33,9,-9,-13,26,-31.0,-30,8,-15,-15,-15,-50.0,-34,11,-16,-6,-4,-39.0,-27,10,-15,-13,2,-25.0,-5,3,-16,-15,-13,-31.0,-13,5,1227,1281.0,1214.0,1448.0,1122.0,892.0,1037.0,2565,2777.0,2640.0,3021.0,2494.0,1766.0,2454.0,6199,6830.0,6354.0,7203.0,6102.0,4384.0,6040.0,0,0.0,3.0,1.0,0.0,0.0,1.0,1142,927.0,878.0,1196.0,866.0,621.0,815.0,11724,10587.0,10028.0,11300.0,10355.0,8665.0,10090.0,725,625.0,639.0,894.0,653.0,593.0,574.0,8,9.0,13.0,11.0,17.0,3.0,10.0,978,1162.0,1204.0,1282.0,1073.0,808.0,1001.0,22201,14953.0,14725.0,18069.0,19464.0,15101.0,13503.0,1099,999.0,1015.0,1078.0,1331.0,959.0,894.0,1070,13,38.0,27.0,39.0,15.0,11.0,39.0,8,3.0,4.0,3.0,1.0,0.0,5.0,1,1.0,0.0,1.0,6.0,0.0,0.0,0,1.0,0.0,0.0,1.0,0.0,0.0,175,286.0,237.0,207.0,123.0,118.0,230.0,71,108.0,125.0,128.0,74.0,48.0,110.0,1,0.0,1.0,1.0,4.0,0.0,0.0,9,2.0,4.0,7.0,2.0,2.0,3.0,316,258.0,271.0,278.0,279.0,237.0,228.0,38,21.0,27.0,27.0,18.0,22.0,17.0,173,168.0,258.0,321.0,275.0,106.0,212.0,125,81.0,100.0,122.0,110.0,65.0,61.0,578,680.0,643.0,753.0,516.0,391.0,692.0,19,10.0,15.0,37.0,17.0,1.0,9.0,0,0.0,0.0,0.0,0.0,0.0,0.0
41,-11,-7,6,-42.0,-33,9,-9,-13,26,-31.0,-30,8,-15,-15,-15,-50.0,-34,11,-16,-6,-4,-39.0,-27,10,-15,-13,2,-25.0,-5,3,-16,-15,-13,-31.0,-13,5,-18,-18,-35,-40.0,-33,12,916,1214.0,1448.0,1122.0,892.0,1037.0,1175.0,1954,2640.0,3021.0,2494.0,1766.0,2454.0,2570.0,4391,6354.0,7203.0,6102.0,4384.0,6040.0,6770.0,1,3.0,1.0,0.0,0.0,1.0,1.0,687,878.0,1196.0,866.0,621.0,815.0,984.0,9618,10028.0,11300.0,10355.0,8665.0,10090.0,10607.0,772,639.0,894.0,653.0,593.0,574.0,678.0,8,13.0,11.0,17.0,3.0,10.0,11.0,785,1204.0,1282.0,1073.0,808.0,1001.0,1163.0,16052,14725.0,18069.0,19464.0,15101.0,13503.0,15964.0,972,1015.0,1078.0,1331.0,959.0,894.0,960.0,935,10,27.0,39.0,15.0,11.0,39.0,31.0,3,4.0,3.0,1.0,0.0,5.0,4.0,1,0.0,1.0,6.0,0.0,0.0,0.0,1,0.0,0.0,1.0,0.0,0.0,1.0,116,237.0,207.0,123.0,118.0,230.0,163.0,32,125.0,128.0,74.0,48.0,110.0,113.0,2,1.0,1.0,4.0,0.0,0.0,0.0,0,4.0,7.0,2.0,2.0,3.0,11.0,288,271.0,278.0,279.0,237.0,228.0,244.0,30,27.0,27.0,18.0,22.0,17.0,18.0,105,258.0,321.0,275.0,106.0,212.0,186.0,83,100.0,122.0,110.0,65.0,61.0,68.0,430,643.0,753.0,516.0,391.0,692.0,731.0,3,15.0,37.0,17.0,1.0,9.0,7.0,0,0.0,0.0,0.0,0.0,0.0,0.0
43,-9,-13,26,-31.0,-30,8,-15,-15,-15,-50.0,-34,11,-16,-6,-4,-39.0,-27,10,-15,-13,2,-25.0,-5,3,-16,-15,-13,-31.0,-13,5,-18,-18,-35,-40.0,-33,12,-8,-5,2,-37.0,-31,8,1148,1448.0,1122.0,892.0,1037.0,1175.0,1227.0,2707,3021.0,2494.0,1766.0,2454.0,2570.0,2751.0,6520,7203.0,6102.0,4384.0,6040.0,6770.0,6632.0,0,1.0,0.0,0.0,1.0,1.0,3.0,888,1196.0,866.0,621.0,815.0,984.0,998.0,11143,11300.0,10355.0,8665.0,10090.0,10607.0,10583.0,699,894.0,653.0,593.0,574.0,678.0,687.0,10,11.0,17.0,3.0,10.0,11.0,11.0,1141,1282.0,1073.0,808.0,1001.0,1163.0,1069.0,14316,18069.0,19464.0,15101.0,13503.0,15964.0,14980.0,1037,1078.0,1331.0,959.0,894.0,960.0,999.0,1544,35,39.0,15.0,11.0,39.0,31.0,28.0,9,3.0,1.0,0.0,5.0,4.0,1.0,0,1.0,6.0,0.0,0.0,0.0,4.0,0,0.0,1.0,0.0,0.0,1.0,0.0,285,207.0,123.0,118.0,230.0,163.0,269.0,113,128.0,74.0,48.0,110.0,113.0,119.0,1,1.0,4.0,0.0,0.0,0.0,1.0,5,7.0,2.0,2.0,3.0,11.0,10.0,228,278.0,279.0,237.0,228.0,244.0,284.0,23,27.0,18.0,22.0,17.0,18.0,19.0,152,321.0,275.0,106.0,212.0,186.0,271.0,61,122.0,110.0,65.0,61.0,68.0,90.0,602,753.0,516.0,391.0,692.0,731.0,669.0,7,37.0,17.0,1.0,9.0,7.0,11.0,1,0.0,0.0,0.0,0.0,0.0,0.0
46,-15,-15,-15,-50.0,-34,11,-16,-6,-4,-39.0,-27,10,-15,-13,2,-25.0,-5,3,-16,-15,-13,-31.0,-13,5,-18,-18,-35,-40.0,-33,12,-8,-5,2,-37.0,-31,8,-6,-4,23,-33.0,-30,9,1210,1122.0,892.0,1037.0,1175.0,1227.0,1234.0,2761,2494.0,1766.0,2454.0,2570.0,2751.0,2667.0,6595,6102.0,4384.0,6040.0,6770.0,6632.0,6770.0,1,0.0,0.0,1.0,1.0,3.0,0.0,870,866.0,621.0,815.0,984.0,998.0,1076.0,10837,10355.0,8665.0,10090.0,10607.0,10583.0,10657.0,634,653.0,593.0,574.0,678.0,687.0,709.0,12,17.0,3.0,10.0,11.0,11.0,5.0,1159,1073.0,808.0,1001.0,1163.0,1069.0,1114.0,14849,19464.0,15101.0,13503.0,15964.0,14980.0,15842.0,1027,1331.0,959.0,894.0,960.0,999.0,1025.0,1798,33,15.0,11.0,39.0,31.0,28.0,27.0,8,1.0,0.0,5.0,4.0,1.0,3.0,1,6.0,0.0,0.0,0.0,4.0,1.0,0,1.0,0.0,0.0,1.0,0.0,2.0,321,123.0,118.0,230.0,163.0,269.0,188.0,129,74.0,48.0,110.0,113.0,119.0,122.0,0,4.0,0.0,0.0,0.0,1.0,0.0,6,2.0,2.0,3.0,11.0,10.0,5.0,260,279.0,237.0,228.0,244.0,284.0,243.0,18,18.0,22.0,17.0,18.0,19.0,17.0,215,275.0,106.0,212.0,186.0,271.0,294.0,77,110.0,65.0,61.0,68.0,90.0,98.0,790,516.0,391.0,692.0,731.0,669.0,644.0,13,17.0,1.0,9.0,7.0,11.0,11.0,0,0.0,0.0,0.0,0.0,0.0,0.0
45,-16,-6,-4,-39.0,-27,10,-15,-13,2,-25.0,-5,3,-16,-15,-13,-31.0,-13,5,-18,-18,-35,-40.0,-33,12,-8,-5,2,-37.0,-31,8,-6,-4,23,-33.0,-30,9,-11,-7,28,-44.0,-33,9,1186,892.0,1037.0,1175.0,1227.0,1234.0,1509.0,2760,1766.0,2454.0,2570.0,2751.0,2667.0,3273.0,6869,4384.0,6040.0,6770.0,6632.0,6770.0,7311.0,2,0.0,1.0,1.0,3.0,0.0,0.0,915,621.0,815.0,984.0,998.0,1076.0,1220.0,10935,8665.0,10090.0,10607.0,10583.0,10657.0,12150.0,656,593.0,574.0,678.0,687.0,709.0,961.0,6,3.0,10.0,11.0,11.0,5.0,9.0,1148,808.0,1001.0,1163.0,1069.0,1114.0,1387.0,14986,15101.0,13503.0,15964.0,14980.0,15842.0,19407.0,1070,959.0,894.0,960.0,999.0,1025.0,1246.0,1546,27,11.0,39.0,31.0,28.0,27.0,41.0,3,0.0,5.0,4.0,1.0,3.0,6.0,4,0.0,0.0,0.0,4.0,1.0,0.0,1,0.0,0.0,1.0,0.0,2.0,0.0,327,118.0,230.0,163.0,269.0,188.0,226.0,111,48.0,110.0,113.0,119.0,122.0,149.0,0,0.0,0.0,0.0,1.0,0.0,2.0,8,2.0,3.0,11.0,10.0,5.0,7.0,242,237.0,228.0,244.0,284.0,243.0,297.0,18,22.0,17.0,18.0,19.0,17.0,22.0,169,106.0,212.0,186.0,271.0,294.0,312.0,111,65.0,61.0,68.0,90.0,98.0,134.0,853,391.0,692.0,731.0,669.0,644.0,830.0,19,1.0,9.0,7.0,11.0,11.0,51.0,0,0.0,0.0,0.0,0.0,0.0,0.0
41,-15,-13,2,-25.0,-5,3,-16,-15,-13,-31.0,-13,5,-18,-18,-35,-40.0,-33,12,-8,-5,2,-37.0,-31,8,-6,-4,23,-33.0,-30,9,-11,-7,28,-44.0,-33,9,-13,0,6,-26.0,-28,9,1326,1037.0,1175.0,1227.0,1234.0,1509.0,1227.0,2878,2454.0,2570.0,2751.0,2667.0,3273.0,2565.0,7285,6040.0,6770.0,6632.0,6770.0,7311.0,6199.0,1,1.0,1.0,3.0,0.0,0.0,0.0,1024,815.0,984.0,998.0,1076.0,1220.0,1142.0,11676,10090.0,10607.0,10583.0,10657.0,12150.0,11724.0,808,574.0,678.0,687.0,709.0,961.0,725.0,8,10.0,11.0,11.0,5.0,9.0,8.0,1176,1001.0,1163.0,1069.0,1114.0,1387.0,978.0,17116,13503.0,15964.0,14980.0,15842.0,19407.0,22201.0,1134,894.0,960.0,999.0,1025.0,1246.0,1099.0,1788,20,39.0,31.0,28.0,27.0,41.0,13.0,2,5.0,4.0,1.0,3.0,6.0,8.0,3,0.0,0.0,4.0,1.0,0.0,1.0,2,0.0,1.0,0.0,2.0,0.0,0.0,282,230.0,163.0,269.0,188.0,226.0,175.0,100,110.0,113.0,119.0,122.0,149.0,71.0,0,0.0,0.0,1.0,0.0,2.0,1.0,1,3.0,11.0,10.0,5.0,7.0,9.0,320,228.0,244.0,284.0,243.0,297.0,316.0,26,17.0,18.0,19.0,17.0,22.0,38.0,189,212.0,186.0,271.0,294.0,312.0,173.0,111,61.0,68.0,90.0,98.0,134.0,125.0,773,692.0,731.0,669.0,644.0,830.0,578.0,18,9.0,7.0,11.0,11.0,51.0,19.0,0,0.0,0.0,0.0,0.0,0.0,0.0
39,-16,-15,-13,-31.0,-13,5,-18,-18,-35,-40.0,-33,12,-8,-5,2,-37.0,-31,8,-6,-4,23,-33.0,-30,9,-11,-7,28,-44.0,-33,9,-13,0,6,-26.0,-28,9,-10,-8,50,-17.0,-7,2,1502,1175.0,1227.0,1234.0,1509.0,1227.0,916.0,3207,2570.0,2751.0,2667.0,3273.0,2565.0,1954.0,7777,6770.0,6632.0,6770.0,7311.0,6199.0,4391.0,1,1.0,3.0,0.0,0.0,0.0,1.0,1134,984.0,998.0,1076.0,1220.0,1142.0,687.0,13738,10607.0,10583.0,10657.0,12150.0,11724.0,9618.0,1188,678.0,687.0,709.0,961.0,725.0,772.0,9,11.0,11.0,5.0,9.0,8.0,8.0,1508,1163.0,1069.0,1114.0,1387.0,978.0,785.0,22189,15964.0,14980.0,15842.0,19407.0,22201.0,16052.0,1495,960.0,999.0,1025.0,1246.0,1099.0,972.0,1779,34,31.0,28.0,27.0,41.0,13.0,10.0,3,4.0,1.0,3.0,6.0,8.0,3.0,5,0.0,4.0,1.0,0.0,1.0,1.0,2,1.0,0.0,2.0,0.0,0.0,1.0,303,163.0,269.0,188.0,226.0,175.0,116.0,147,113.0,119.0,122.0,149.0,71.0,32.0,0,0.0,1.0,0.0,2.0,1.0,2.0,6,11.0,10.0,5.0,7.0,9.0,0.0,376,244.0,284.0,243.0,297.0,316.0,288.0,30,18.0,19.0,17.0,22.0,38.0,30.0,222,186.0,271.0,294.0,312.0,173.0,105.0,159,68.0,90.0,98.0,134.0,125.0,83.0,921,731.0,669.0,644.0,830.0,578.0,430.0,32,7.0,11.0,11.0,51.0,19.0,3.0,0,0.0,0.0,0.0,0.0,0.0,0.0
